,id,size,view c,fav c,bid c,price,sold?,brand id,creation date,update date
0,5639236771,S,93,6,1,10.0,,362,2025-01-12T11:24:06+01:00,2025-01-12T16:40:28+01:00
1,5642329756,W32,39,9,2,15.0,,362,2025-01-12T16:30:53+01:00,2025-01-12T17:55:17+01:00
2,5638163751,W29,125,13,1,15.0,,362,2025-01-11T23:39:52+01:00,2025-01-12T18:11:05+01:00
3,5641444056,W34,33,6,7,15.0,,362,2025-01-12T15:10:46+01:00,2025-01-12T17:55:28+01:00
4,5641971941,S,17,1,1,12.0,,362,2025-01-12T15:58:26+01:00,2025-01-12T16:50:29+01:00
5,5642456543,W34,58,2,4,15.0,,362,2025-01-12T16:42:28+01:00,2025-01-12T18:17:54+01:00
6,5637392117,S,82,3,4,10.0,,362,2025-01-11T20:22:28+01:00,2025-01-12T16:29:25+01:00
7,5640396220,S,140,21,4,20.0,,362,2025-01-12T12:29:14+00:00,2025-01-12T17:10:15+00:00
8,5639187050,W23,3,0,0,8.0,,362,2025-01-12T11:18:02+01:00,2025-01-12T11:18:15+01:00
9,5632913146,W31,185,28,8,18.0,,362,2025-01-11T09:22:26+01:00,2025-01-12T17:00:52+01:00
10,5639253106,W31,55,4,1,15.0,,362,2025-01-12T11:26:03+01:00,2025-01-12T17:45:12+01:00
11,5640541073,W28,13,0,0,10.0,,362,2025-01-12T13:44:03+01:00,2025-01-12T13:45:22+01:00
12,5610136070,S,39,6,0,10.0,,362,2025-01-06T11:45:42+01:00,2025-01-12T02:10:27+01:00
13,5642822762,W34,19,0,0,8.0,,362,2025-01-12T17:16:57+01:00,2025-01-12T17:17:10+01:00
14,5641849635,W29,4,0,1,12.0,,362,2025-01-12T15:47:31+01:00,2025-01-12T16:04:19+01:00
15,5633109125,S,55,8,1,9.0,,362,2025-01-11T10:20:47+01:00,2025-01-11T19:55:24+01:00
16,5641599212,W34,40,3,0,15.0,,362,2025-01-12T15:24:52+01:00,2025-01-12T15:25:24+01:00
17,5639667373,W30,21,4,3,15.0,,362,2025-01-12T12:12:05+01:00,2025-01-12T18:12:07+01:00
18,5639669037,S,40,3,2,15.0,,362,2025-01-12T12:12:15+01:00,2025-01-12T17:47:43+01:00
19,5634932392,S,37,3,2,8.0,,362,2025-01-11T14:42:14+01:00,2025-01-12T18:01:22+01:00
20,5638978007,W30,56,6,2,19.0,,362,2025-01-12T10:50:11+01:00,2025-01-12T17:55:15+01:00
21,5641533100,W30,5,3,0,12.0,,362,2025-01-12T15:18:50+01:00,2025-01-12T15:45:57+01:00
22,5640638435,M,125,34,5,35.0,,362,2025-01-12T13:53:56+01:00,2025-01-12T16:49:49+01:00
23,5640349585,W36,27,4,1,20.0,,362,2025-01-12T13:24:22+01:00,2025-01-12T15:00:44+01:00
24,5639352150,L,25,5,0,12.0,,362,2025-01-12T11:37:40+01:00,2025-01-12T17:46:05+01:00
25,5637829113,S,346,32,12,18.0,,362,2025-01-11T21:56:59+01:00,2025-01-12T17:15:58+01:00
26,5641140277,W36,20,2,0,20.0,,362,2025-01-12T14:42:41+01:00,2025-01-12T18:06:01+01:00
27,5639196273,W35,72,10,2,20.0,,362,2025-01-12T11:19:11+01:00,2025-01-12T17:25:28+01:00
28,5634696889,S,44,3,0,15.0,,362,2025-01-11T14:13:46+01:00,2025-01-12T08:45:08+01:00
29,5427905487,M,735,50,11,10.0,,362,2024-11-23T12:51:25+01:00,2025-01-12T18:00:14+01:00
30,5633436442,S,78,11,1,23.0,,362,2025-01-11T11:21:08+01:00,2025-01-12T16:16:21+01:00
31,5639631746,W33,36,1,0,7.0,,362,2025-01-12T12:08:14+01:00,2025-01-12T12:09:00+01:00
32,5639035588,W34,26,1,0,14.0,,362,2025-01-12T10:58:22+01:00,2025-01-12T13:14:43+01:00
33,5545522011,W32,217,8,11,11.99,,362,2024-12-19T20:17:57+01:00,2025-01-12T01:40:25+01:00
34,5636066306,M,40,3,0,10.0,,362,2025-01-11T16:55:55+01:00,2025-01-12T02:15:10+01:00
35,5535402574,W32,80,5,2,8.0,,362,2024-12-16T20:09:13+01:00,2025-01-12T16:07:23+01:00
36,5331513464,W28,82,8,0,5.0,,362,2024-11-04T21:40:52+01:00,2025-01-12T13:30:36+01:00
37,5641519251,W33,23,5,2,25.0,,362,2025-01-12T15:17:35+01:00,2025-01-12T18:00:26+01:00
38,5609813629,W32,41,4,1,10.0,,362,2025-01-06T10:48:03+01:00,2025-01-12T01:55:28+01:00
39,5627689732,M,27,2,0,25.0,,362,2025-01-09T21:31:46+01:00,2025-01-12T16:35:20+01:00
40,5637277920,M,36,0,1,8.0,,362,2025-01-11T19:59:43+01:00,2025-01-11T22:10:16+01:00
41,5377819465,M,157,3,1,5.0,,362,2024-11-13T17:56:45+01:00,2025-01-07T02:20:08+01:00
42,2686422797,M,441,23,8,10.0,,362,2023-02-12T21:11:20+01:00,2025-01-12T17:05:51+01:00
43,5600262532,S,597,35,10,9.0,,362,2025-01-04T17:22:28+01:00,2025-01-12T13:11:02+01:00
44,5524065598,W32,102,7,0,6.0,,362,2024-12-14T09:46:02+01:00,2025-01-05T18:20:43+01:00
45,5614070056,L,149,19,5,15.0,,362,2025-01-06T21:52:50+01:00,2025-01-12T03:35:19+01:00
46,5506546193,W36,55,4,4,10.0,,362,2024-12-09T18:24:39+01:00,2025-01-12T13:30:43+01:00
47,5569778198,W32,71,8,4,16.0,,362,2024-12-28T17:05:49+01:00,2025-01-11T23:00:23+01:00
48,5522381165,W34,60,6,2,12.0,,362,2024-12-13T17:20:49+01:00,2025-01-10T12:00:29+01:00
49,5635673841,L,146,15,13,25.0,,362,2025-01-11T16:08:45+01:00,2025-01-12T11:33:21+01:00
50,4575251835,M,207,12,8,13.0,,362,2024-05-30T15:06:04+02:00,2025-01-12T17:17:07+01:00
51,5640811446,W33,26,3,1,12.5,,362,2025-01-12T14:11:07+01:00,2025-01-12T18:15:20+01:00
52,5589278749,M,156,28,10,20.0,,362,2025-01-02T16:25:12+01:00,2025-01-12T18:15:56+01:00
53,5380636742,W32,130,2,1,10.0,,362,2024-11-14T11:57:20+01:00,2025-01-07T01:00:19+01:00
54,5522300274,M,124,11,1,10.0,,362,2024-12-13T17:00:14+01:00,2025-01-10T14:00:28+01:00
55,4870743768,W30,290,17,3,13.0,,362,2024-08-10T15:29:54+02:00,2025-01-12T16:58:56+01:00
56,5420994717,W30,90,5,2,10.0,,362,2024-11-21T19:52:14+01:00,2025-01-06T03:30:19+01:00
57,5576771924,W32,118,0,1,10.0,,362,2024-12-30T10:33:42+01:00,2025-01-09T07:30:07+01:00
58,5522443552,W34,303,24,8,10.0,,362,2024-12-13T17:36:49+01:00,2025-01-09T23:25:29+01:00
59,5522428461,W34,152,6,2,8.0,,362,2024-12-13T17:32:57+01:00,2025-01-08T21:15:53+01:00
60,5397814371,M,171,9,4,10.0,,362,2024-11-17T15:11:59+01:00,2025-01-11T08:52:11+01:00
61,5584440176,W34,42,2,0,10.0,,362,2025-01-01T15:27:56+01:00,2025-01-09T20:54:43+01:00
62,5125122501,W34,91,1,0,8.0,,362,2024-09-29T09:35:06+02:00,2025-01-07T01:40:21+01:00
63,5636733809,W33,36,9,0,35.0,,362,2025-01-11T18:26:48+01:00,2025-01-12T15:40:28+01:00
64,5633517515,W40,32,5,4,15.0,,362,2025-01-11T11:33:42+01:00,2025-01-12T17:30:00+01:00
65,4897958611,W25,369,23,6,15.0,,362,2024-08-17T14:37:12+02:00,2025-01-12T02:55:10+01:00
66,4949994275,L,378,33,16,13.0,,362,2024-08-28T00:23:25+02:00,2025-01-12T01:35:21+01:00
67,4681336126,W36,372,5,4,5.0,,362,2024-06-24T10:34:27+02:00,2025-01-06T05:20:12+01:00
68,5641552197,W33,9,2,0,25.0,,362,2025-01-12T15:20:35+01:00,2025-01-12T17:45:23+01:00
69,5553928067,W32,98,5,1,15.0,,362,2024-12-22T18:32:05+01:00,2025-01-05T10:45:13+01:00
70,4475812342,W32,208,7,3,15.0,,362,2024-05-08T15:39:22+02:00,2025-01-10T15:15:26+01:00
71,5615973309,M,81,3,1,12.0,,362,2025-01-07T13:46:11+01:00,2025-01-08T21:57:04+01:00
72,4645932460,W32,121,10,4,10.0,,362,2024-06-15T17:51:04+02:00,2025-01-09T18:25:46+01:00
73,4530024227,S,258,32,9,15.0,,362,2024-05-20T15:00:05+02:00,2025-01-12T15:06:01+01:00
74,5509606711,W28,245,16,5,15.0,,362,2024-12-10T14:11:47+01:00,2025-01-12T02:55:11+01:00
75,5642791113,W29,0,0,0,24.0,,362,2025-01-12T17:13:54+01:00,2025-01-12T17:13:58+01:00
76,5641102221,L,132,9,3,25.0,,362,2025-01-12T14:39:04+01:00,2025-01-12T18:20:11+01:00
77,4389456320,W31,74,4,1,6.0,,362,2024-04-20T11:45:25+02:00,2025-01-08T10:55:30+01:00
78,5522388386,W36,22,3,1,10.0,,362,2024-12-13T17:22:40+01:00,2025-01-11T15:35:42+01:00
79,5640172474,S,9,1,0,15.0,,362,2025-01-12T13:05:45+01:00,2025-01-12T14:05:52+01:00
80,5633848218,W32,27,3,0,20.0,,362,2025-01-11T12:20:59+01:00,2025-01-12T16:40:13+01:00
81,5627434189,W32,145,20,4,30.0,,362,2025-01-09T20:37:52+01:00,2025-01-12T16:03:39+01:00
82,4927908333,W28,72,6,3,5.0,,362,2024-08-23T17:56:35+02:00,2024-12-27T14:00:17+01:00
83,5640575397,W32,11,1,0,16.0,,362,2025-01-12T13:47:34+01:00,2025-01-12T14:16:02+01:00
84,5635399946,W34,125,15,6,39.0,,362,2025-01-11T15:36:46+01:00,2025-01-12T17:05:43+01:00
85,5410876607,W29,34,0,0,3.5,,362,2024-11-19T19:07:53+01:00,2024-11-19T19:07:56+01:00
86,4686412067,W36,231,21,7,20.0,,362,2024-06-25T14:38:00+02:00,2025-01-11T13:35:41+01:00
87,5393814986,M,240,4,1,15.0,,362,2024-11-16T21:26:23+01:00,2025-01-06T16:35:10+01:00
88,5396175355,W32,121,8,2,10.0,,362,2024-11-17T12:34:59+01:00,2025-01-05T13:37:11+01:00
89,5631645710,L,234,21,2,25.0,,362,2025-01-10T19:40:18+01:00,2025-01-12T09:10:27+01:00
90,5578389551,W29,130,10,6,21.7,,362,2024-12-30T15:48:37+01:00,2025-01-12T17:45:45+01:00
91,5602234775,L,31,1,0,10.0,,362,2025-01-04T23:55:22+01:00,2025-01-08T16:50:23+01:00
92,1009511718,S,914,13,4,8.0,,362,2021-04-04T16:53:19+02:00,2025-01-07T23:20:15+01:00
93,5518598496,W34,77,6,0,15.0,,362,2024-12-12T16:59:26+01:00,2025-01-06T12:00:36+01:00
94,5262079499,W32,339,37,11,20.0,,362,2024-10-22T18:36:57+02:00,2025-01-09T19:05:38+01:00
95,5588436618,W36,223,21,8,22.0,,362,2025-01-02T14:30:55+01:00,2025-01-12T09:55:34+01:00
96,5633716955,M,118,22,4,35.0,,362,2025-01-11T12:02:38+01:00,2025-01-12T12:18:58+01:00
97,4252760018,W28,174,12,5,9.0,,362,2024-03-21T13:48:15+01:00,2025-01-07T05:45:03+01:00
98,3966502772,W32,308,13,4,10.0,,362,2024-01-11T16:48:48+01:00,2025-01-02T17:55:47+01:00
99,5013347693,W28,68,6,3,10.0,,362,2024-09-09T16:44:16+02:00,2025-01-10T14:32:02+01:00
100,4438929494,W29,39,7,1,10.0,,362,2024-04-30T18:17:22+02:00,2024-12-31T18:15:46+01:00
101,5576550115,L,61,10,1,18.0,,362,2024-12-30T08:47:42+01:00,2025-01-12T03:20:16+01:00
102,4498511689,W23,123,11,3,10.0,,362,2024-05-13T17:16:42+02:00,2025-01-09T17:55:30+01:00
103,5593893129,W33,41,1,1,18.0,,362,2025-01-03T15:18:31+01:00,2025-01-09T16:40:26+01:00
104,5614059499,L,21,2,1,15.0,,362,2025-01-06T21:50:35+01:00,2025-01-12T00:05:20+01:00
105,5571364651,W29,15,0,1,10.0,,362,2024-12-29T00:43:55+01:00,2025-01-01T05:50:01+01:00
106,5617042396,W32,189,26,9,35.0,,362,2025-01-07T16:50:13+01:00,2025-01-12T03:30:14+01:00
107,5336469538,M,187,11,2,17.0,,362,2024-11-05T22:38:08+01:00,2025-01-12T09:55:18+01:00
108,5576808069,M,38,1,0,22.0,,362,2024-12-30T10:44:17+01:00,2025-01-10T02:05:20+01:00
109,4536464636,W31,325,16,6,15.0,,362,2024-05-21T19:08:14+02:00,2025-01-11T18:05:21+01:00
110,4756022249,W31,111,6,4,15.0,,362,2024-07-12T15:32:52+02:00,2025-01-11T18:50:22+01:00
111,5634562123,L,31,4,2,20.0,,362,2025-01-11T13:56:58+01:00,2025-01-12T17:59:24+01:00
112,5640291760,W30,1,30,0,24.0,,362,2025-01-12T13:18:19+01:00,2025-01-12T16:41:03+01:00
113,4570225564,W32,150,4,10,12.0,,362,2024-05-29T13:13:13+02:00,2024-12-31T19:45:12+01:00
114,5621050911,M,70,7,2,18.0,,362,2025-01-08T15:10:38+01:00,2025-01-12T11:50:45+01:00
115,4390951270,W30,112,9,1,10.0,,362,2024-04-20T15:38:52+02:00,2025-01-08T10:10:26+01:00
116,5639985857,W29,6,2,0,20.0,,362,2025-01-12T12:46:03+01:00,2025-01-12T12:46:12+01:00
117,3946038784,W34,465,20,6,22.5,,362,2024-01-06T14:55:57+01:00,2025-01-12T11:10:44+01:00
118,4143997101,W32,236,11,2,15.0,,362,2024-02-25T10:40:00+01:00,2025-01-09T09:20:22+01:00
119,5226402546,W30,48,6,2,10.0,,362,2024-10-16T12:58:56+02:00,2025-01-07T15:40:18+01:00
120,5522439323,W30,54,9,2,8.0,,362,2024-12-13T17:35:43+01:00,2025-01-07T15:39:45+01:00
121,4976697613,W30,150,5,2,15.0,,362,2024-09-02T15:25:51+02:00,2024-12-31T09:40:08+01:00
122,5312219658,W30,68,4,2,20.0,,362,2024-11-01T16:06:49+01:00,2025-01-11T13:00:12+01:00
123,5578454277,W29,20,1,0,17.0,,362,2024-12-30T15:59:32+01:00,2024-12-30T23:50:36+01:00
124,4810738795,M,137,4,1,6.0,,362,2024-07-26T12:11:50+02:00,2024-12-21T00:40:14+01:00
125,4192550282,W30,71,3,1,14.0,,362,2024-03-07T13:09:27+01:00,2025-01-08T12:00:18+01:00
126,4555427492,W31,186,17,10,20.0,,362,2024-05-26T12:12:31+02:00,2025-01-11T10:40:19+01:00
127,5290599087,W30,114,15,4,10.0,,362,2024-10-28T09:44:33+01:00,2025-01-08T15:55:45+01:00
128,4789491823,W30,28,2,0,10.0,,362,2024-07-21T12:01:53+02:00,2024-10-13T14:35:44+02:00
129,5637455981,S,67,12,9,35.0,,362,2025-01-11T20:35:35+01:00,2025-01-12T17:25:13+01:00
130,4322911059,W30,61,2,1,6.0,,362,2024-04-06T11:50:01+02:00,2025-01-08T15:55:10+01:00
131,3302884872,W32,300,16,8,20.0,,362,2023-08-01T19:51:36+02:00,2025-01-12T04:00:25+01:00
132,5008900715,S,103,6,1,14.0,,362,2024-09-08T19:15:04+02:00,2025-01-12T16:10:31+01:00
133,5638576693,W33,11,0,0,25.0,,362,2025-01-12T09:23:18+01:00,2025-01-12T09:24:02+01:00
134,4635215435,W32,174,7,1,10.0,,362,2024-06-12T22:21:23+02:00,2024-12-12T22:05:21+01:00
135,4511443056,W32,81,8,0,12.0,,362,2024-05-16T15:08:05+02:00,2025-01-12T12:06:07+01:00
136,5190011356,W32,36,4,1,19.0,,362,2024-10-09T21:50:39+02:00,2025-01-11T22:07:48+01:00
137,4341769255,W31,99,4,0,10.0,,362,2024-04-09T21:34:47+02:00,2024-12-28T23:35:35+01:00
138,1051128798,M,582,34,3,12.0,,362,2021-04-19T16:57:10+02:00,2025-01-06T15:20:43+01:00
139,4114697958,W34,171,3,2,12.0,,362,2024-02-18T12:05:45+01:00,2024-11-29T15:15:06+01:00
140,3976505037,W29,25,3,1,15.0,,362,2024-01-14T12:46:06+01:00,2025-01-11T18:05:33+01:00
141,780535266,M,829,33,1,10.0,,362,2020-12-04T14:07:01+01:00,2025-01-10T17:30:11+01:00
142,5544778979,W33,57,7,1,20.0,,362,2024-12-19T16:24:21+01:00,2025-01-10T20:20:43+01:00
143,5573410333,W34,46,3,2,35.0,,362,2024-12-29T14:52:20+01:00,2025-01-12T01:10:18+01:00
144,5452580735,W33,99,2,1,15.0,,362,2024-11-27T22:06:07+01:00,2025-01-05T10:15:26+01:00
145,5423915199,W29,77,7,4,21.0,,362,2024-11-22T14:44:10+01:00,2025-01-12T10:59:03+01:00
146,4343187153,W30,94,5,1,10.0,,362,2024-04-10T11:40:03+02:00,2025-01-05T14:00:28+01:00
147,4308449516,W34,36,4,1,12.0,,362,2024-04-02T22:48:40+02:00,2025-01-08T16:25:28+01:00
148,5502606482,W32,75,7,4,15.0,,362,2024-12-08T20:19:22+01:00,2025-01-07T21:50:32+01:00
149,5114102475,W36,153,8,4,22.0,,362,2024-09-27T07:29:56+02:00,2025-01-12T09:55:25+01:00
150,4117116757,W30,203,9,11,15.0,,362,2024-02-18T17:13:26+01:00,2025-01-08T15:00:09+01:00
151,5538867508,M,205,18,1,25.0,,362,2024-12-17T19:28:43+01:00,2025-01-09T11:05:13+01:00
152,5576724352,M,255,28,2,26.0,,362,2024-12-30T10:18:23+01:00,2025-01-10T19:30:24+01:00
153,3991006345,W31,238,17,2,20.0,,362,2024-01-17T18:17:54+01:00,2025-01-11T12:30:34+01:00
154,4900330105,M,70,4,3,10.0,,362,2024-08-18T00:23:30+02:00,2024-12-25T18:25:20+01:00
155,5236719759,W33,261,11,3,15.0,,362,2024-10-18T13:40:36+02:00,2025-01-07T14:50:33+01:00
156,4547339753,L,662,24,4,17.0,,362,2024-05-24T11:46:19+02:00,2025-01-11T19:55:19+01:00
157,5567551875,W30,21,1,1,15.0,,362,2024-12-28T10:09:25+01:00,2025-01-10T12:50:14+01:00
158,3672858447,W29,212,10,4,15.0,,362,2023-10-27T17:22:28+02:00,2024-12-06T12:40:47+01:00
159,4347183446,W31,63,4,3,20.0,,362,2024-04-11T08:53:43+02:00,2025-01-01T20:30:40+01:00
160,5500900645,W34,88,7,2,15.0,,362,2024-12-08T16:18:18+01:00,2025-01-03T11:20:26+01:00
161,5639972903,W29,7,1,1,20.0,,362,2025-01-12T12:44:41+01:00,2025-01-12T15:50:47+01:00
162,5597408651,L,168,5,4,15.0,,362,2025-01-04T11:18:53+01:00,2025-01-12T03:50:17+01:00
163,5260792506,W33,132,7,3,15.0,,362,2024-10-22T15:20:35+02:00,2025-01-09T20:25:19+01:00
164,4974750110,W33,154,3,3,11.5,,362,2024-09-02T09:03:08+02:00,2024-12-07T16:35:44+01:00
165,3975772786,W27,32,2,0,13.0,,362,2024-01-14T10:57:58+01:00,2024-03-25T15:35:12+01:00
166,3280647492,S,271,11,3,10.0,,362,2023-07-26T16:31:28+02:00,2025-01-08T10:45:19+01:00
167,3684347493,W30,59,6,2,10.0,,362,2023-10-29T20:40:22+01:00,2025-01-08T10:10:09+01:00
168,5013338333,W28,83,6,3,10.0,,362,2024-09-09T16:42:55+02:00,2025-01-04T21:50:42+01:00
169,4101413774,W34,494,25,12,25.0,,362,2024-02-14T17:40:36+01:00,2025-01-12T15:50:23+01:00
170,5332117620,W34,46,2,0,15.0,,362,2024-11-05T07:07:12+01:00,2024-12-14T23:35:36+01:00
171,5582274914,M,19,2,1,10.0,,362,2024-12-31T16:27:48+01:00,2025-01-08T07:24:45+01:00
172,4821335304,W33,112,5,5,12.0,,362,2024-07-29T00:48:00+02:00,2024-10-23T08:42:14+02:00
173,5155858182,M,244,12,2,30.0,,362,2024-10-04T12:13:38+02:00,2025-01-12T09:50:23+01:00
174,2810490309,S,75,2,2,8.0,,362,2023-03-20T15:48:20+01:00,2024-11-10T17:12:04+01:00
175,5329227433,M,274,10,3,20.0,,362,2024-11-04T15:04:38+01:00,2025-01-07T21:05:36+01:00
176,3361654304,W31,366,11,6,6.0,,362,2023-08-17T18:50:58+02:00,2024-12-17T19:09:19+01:00
177,5259496286,L,89,7,2,10.0,,362,2024-10-22T11:53:30+02:00,2025-01-10T17:34:07+01:00
178,4783367512,W32,80,6,2,15.0,,362,2024-07-19T14:09:09+02:00,2024-12-30T18:50:33+01:00
179,5300487255,W32,202,13,5,20.0,,362,2024-10-29T23:30:14+01:00,2025-01-05T23:25:37+01:00
180,5615588537,W29,23,0,2,17.0,,362,2025-01-07T12:35:48+01:00,2025-01-09T12:05:14+01:00
181,5397390840,W34,110,9,6,25.0,,362,2024-11-17T14:33:43+01:00,2025-01-09T18:30:24+01:00
182,4347193796,W32,151,7,2,20.0,,362,2024-04-11T08:58:26+02:00,2025-01-05T16:00:29+01:00
183,3896452934,S,371,35,12,23.0,,362,2023-12-19T14:53:53+01:00,2025-01-11T21:05:32+01:00
184,5596731758,W32,31,3,2,20.0,,362,2025-01-04T01:51:40+01:00,2025-01-12T15:27:02+01:00
185,5641133906,M,12,4,0,29.0,,362,2025-01-12T14:42:05+01:00,2025-01-12T14:42:10+01:00
186,4978312192,W28,28,3,0,12.0,,362,2024-09-02T19:41:30+02:00,2025-01-07T05:45:02+01:00
187,5044602947,M,90,2,0,15.0,,362,2024-09-14T23:08:17+02:00,2024-11-27T00:35:14+01:00
188,5639960523,W29,6,1,1,20.0,,362,2025-01-12T12:43:22+01:00,2025-01-12T15:00:18+01:00
189,4546099221,W34,374,34,16,27.0,,362,2024-05-23T21:42:07+02:00,2025-01-11T00:40:18+01:00
190,1342983131,L,838,23,8,15.0,,362,2021-09-30T18:09:35+02:00,2025-01-12T09:45:15+01:00
191,5254840357,W34,403,30,1,25.0,,362,2024-10-21T14:04:20+02:00,2025-01-09T22:50:14+01:00
192,3339093947,W34,438,15,9,15.0,,362,2023-08-11T14:40:00+02:00,2024-12-30T01:35:16+01:00
193,5098366855,W27,6,0,0,8.0,,362,2024-09-24T10:07:56+02:00,2024-09-24T10:07:58+02:00
194,5590971636,L,433,36,7,30.0,,362,2025-01-02T21:07:25+01:00,2025-01-12T10:40:27+01:00
195,5590754231,W32,69,7,2,28.0,,362,2025-01-02T20:24:17+01:00,2025-01-08T11:39:50+01:00
196,5588855893,W33,28,4,0,14.0,,362,2025-01-02T15:28:12+01:00,2025-01-08T19:20:46+01:00
197,5450716733,W33,239,31,6,30.0,,362,2024-11-27T16:02:40+01:00,2025-01-12T15:17:51+01:00
198,4006918844,W31,143,13,10,15.0,,362,2024-01-21T17:35:50+01:00,2025-01-05T18:50:40+01:00
199,4795833389,W32,175,9,0,10.0,,362,2024-07-22T17:04:57+02:00,2024-12-14T23:20:38+01:00
200,4336654946,M,12,2,0,40.0,,362,2024-04-08T20:28:08+02:00,2025-01-12T16:50:34+01:00
201,4395839551,W30,34,4,1,13.0,,362,2024-04-21T14:16:35+02:00,2024-12-29T14:40:17+01:00
202,5381671309,S,32,4,0,10.0,,362,2024-11-14T14:54:39+01:00,2025-01-10T17:25:28+01:00
203,765853801,M,316,2,0,10.0,,362,2020-11-26T17:22:29+01:00,2024-06-09T15:55:43+02:00
204,5312904657,W38,910,26,11,25.0,,362,2024-11-01T17:51:10+01:00,2025-01-12T18:11:06+01:00
205,4689971443,W32,124,7,1,15.0,,362,2024-06-26T13:55:43+02:00,2024-12-26T15:26:44+01:00
206,5026698897,W33,95,8,2,18.0,,362,2024-09-11T19:34:43+02:00,2025-01-09T17:55:36+01:00
207,5089229780,W28,62,6,3,25.0,,362,2024-09-22T17:11:14+02:00,2025-01-12T15:23:24+01:00
208,4774664556,W33,49,4,1,20.0,,362,2024-07-17T03:50:43+02:00,2025-01-07T12:10:23+01:00
209,3517582277,W23,510,33,4,20.0,,362,2023-09-24T17:19:05+02:00,2024-12-18T18:15:28+01:00
210,5605388694,M,252,31,11,25.0,,362,2025-01-05T15:14:07+01:00,2025-01-12T17:32:05+01:00
211,5490871949,W34,40,3,0,15.0,,362,2024-12-06T14:39:20+01:00,2024-12-29T20:35:13+01:00
212,3210263230,W33,311,5,0,5.0,,362,2023-07-05T15:46:29+02:00,2024-11-29T21:00:13+01:00
213,5448519699,W31,35,6,0,20.0,,362,2024-11-27T08:32:44+01:00,2024-12-29T00:20:27+01:00
214,4941910689,W27,24,3,1,20.0,,362,2024-08-26T15:05:35+02:00,2025-01-12T13:55:36+01:00
215,4227967034,W32,128,6,4,15.0,,362,2024-03-15T22:50:04+01:00,2024-12-28T19:35:50+01:00
216,5527260468,W32,80,3,2,20.0,,362,2024-12-14T21:16:23+01:00,2025-01-10T09:40:13+01:00
217,2856048921,M,220,5,3,8.0,,362,2023-04-01T20:29:32+02:00,2025-01-03T23:40:30+01:00
218,5615705969,W29,148,14,1,49.0,,362,2025-01-07T12:57:48+01:00,2025-01-12T10:35:30+01:00
219,5640179172,W29,28,5,3,35.0,,362,2025-01-12T13:06:28+01:00,2025-01-12T17:02:49+01:00
220,5627280964,M,212,10,0,25.0,,362,2025-01-09T20:05:56+01:00,2025-01-12T03:05:23+01:00
221,5590400605,M,21,1,0,19.0,,362,2025-01-02T19:17:18+01:00,2025-01-02T22:40:33+01:00
222,5626931762,W34,55,6,6,33.33,,362,2025-01-09T18:54:21+01:00,2025-01-12T17:11:15+01:00
223,5310576808,L,133,9,0,19.0,,362,2024-11-01T12:05:16+01:00,2025-01-07T23:35:12+01:00
224,5487344491,W31,270,34,2,40.0,,362,2024-12-05T16:17:37+01:00,2025-01-12T10:35:24+01:00
225,5134145000,W31,49,4,2,15.0,,362,2024-09-30T12:32:09+02:00,2025-01-08T10:15:17+01:00
226,3339104247,W34,381,20,10,15.0,,362,2023-08-11T14:42:40+02:00,2024-12-30T12:00:17+01:00
227,5641678321,W34,9,1,0,30.0,,362,2025-01-12T15:32:01+01:00,2025-01-12T16:06:15+01:00
228,5513752499,W34,106,10,2,20.0,,362,2024-12-11T14:13:48+01:00,2025-01-05T17:05:38+01:00
229,5642388817,L,3,0,0,20.0,,362,2025-01-12T16:36:16+01:00,2025-01-12T16:36:36+01:00
230,3891388070,W23,137,4,1,10.0,,362,2023-12-17T17:33:37+01:00,2024-11-29T02:05:17+01:00
231,4570249088,M,149,13,4,17.5,,362,2024-05-29T13:18:11+02:00,2025-01-08T16:45:35+01:00
232,4589749534,W32,112,10,10,29.0,,362,2024-06-02T18:00:02+02:00,2025-01-12T10:39:17+01:00
233,5289119325,W33,57,5,3,25.0,,362,2024-10-27T20:01:07+01:00,2025-01-12T15:10:15+01:00
234,5615579068,W28,15,1,0,17.0,,362,2025-01-07T12:33:59+01:00,2025-01-08T12:40:28+01:00
235,3655820645,M,620,32,16,11.0,,362,2023-10-23T21:41:56+02:00,2025-01-04T14:36:53+01:00
236,5373856442,W28,27,2,0,10.0,,362,2024-11-12T21:32:32+01:00,2024-12-24T20:35:11+01:00
237,4483542538,W32,55,3,2,15.0,,362,2024-05-10T11:47:33+02:00,2024-12-30T20:30:45+01:00
238,3891411493,W23,79,3,2,10.0,,362,2023-12-17T17:39:11+01:00,2024-12-13T09:05:06+01:00
239,5243158624,W33,147,10,3,30.0,,362,2024-10-19T16:45:07+02:00,2025-01-09T08:20:10+01:00
240,4119299517,W30,98,4,2,10.0,,362,2024-02-19T08:42:53+01:00,2025-01-06T17:55:23+01:00
241,5459671244,W40,39,5,1,16.0,,362,2024-11-29T17:34:33+01:00,2025-01-12T04:40:03+01:00
242,5556669531,L,383,45,5,35.0,,362,2024-12-23T19:06:13+01:00,2025-01-11T21:25:12+01:00
243,5427657227,W34,86,5,2,20.0,,362,2024-11-23T12:16:54+01:00,2024-12-24T16:40:06+01:00
244,3233247312,W29,156,10,1,25.0,,362,2023-07-12T14:45:27+02:00,2025-01-12T08:05:09+01:00
245,1556727096,S,127,4,3,10.0,,362,2022-01-11T15:42:57+01:00,2025-01-01T23:20:17+01:00
246,4655875307,M,321,21,8,20.0,,362,2024-06-17T20:20:29+02:00,2025-01-12T13:20:27+01:00
247,5634016255,W32,38,3,1,30.0,,362,2025-01-11T12:44:26+01:00,2025-01-12T17:09:47+01:00
248,5586294281,W30,265,30,8,45.0,,362,2025-01-01T21:46:58+01:00,2025-01-12T16:30:01+01:00
249,4003784692,W32,1063,72,26,30.0,,362,2024-01-21T10:29:55+01:00,2025-01-11T18:08:51+01:00
250,5304823351,W28,72,8,2,30.0,,362,2024-10-30T21:12:57+01:00,2025-01-12T07:40:10+01:00
251,5174549501,W32,88,5,4,20.0,,362,2024-10-07T10:56:32+02:00,2024-11-01T11:25:23+01:00
252,5552219103,W29,29,3,0,18.0,,362,2024-12-22T11:57:31+01:00,2024-12-22T16:40:36+01:00
253,4163730886,S,130,2,1,15.0,,362,2024-02-29T16:37:41+01:00,2024-12-22T23:46:16+01:00
254,5617779301,W31,79,4,2,35.0,,362,2025-01-07T19:05:13+01:00,2025-01-12T10:00:32+01:00
255,3191102387,L,206,2,0,12.0,,362,2023-06-30T13:32:51+02:00,2024-11-29T14:55:22+01:00
256,5471827040,W36,89,11,1,29.0,,362,2024-12-02T09:13:12+01:00,2025-01-11T20:15:17+01:00
257,4877556161,L,96,7,1,25.0,,362,2024-08-12T12:17:50+02:00,2025-01-09T21:20:48+01:00
258,5616387533,W30,130,14,3,50.0,,362,2025-01-07T14:57:10+01:00,2025-01-11T23:40:36+01:00
259,4978388392,W28,20,2,0,12.0,,362,2024-09-02T19:55:24+02:00,2024-12-15T18:25:44+01:00
260,3290165146,W31,24,1,1,8.0,,362,2023-07-29T15:37:28+02:00,2025-01-10T11:50:14+01:00
261,5568246256,W32,87,5,2,25.0,,362,2024-12-28T12:44:22+01:00,2025-01-06T23:10:28+01:00
262,5642257709,XS,3,0,1,20.0,,362,2025-01-12T16:24:22+01:00,2025-01-12T17:23:01+01:00
263,5446423075,W30,8,2,0,13.0,,362,2024-11-26T17:12:11+01:00,2024-12-03T02:30:16+01:00
264,4276800232,W32,119,8,3,25.0,,362,2024-03-26T16:25:28+01:00,2025-01-10T08:30:06+01:00
265,4961429497,W32,52,3,2,12.0,,362,2024-08-30T15:07:36+02:00,2024-12-26T16:35:32+01:00
266,5633804747,W32,27,3,1,30.0,,362,2025-01-11T12:14:56+01:00,2025-01-12T16:34:01+01:00
267,1098262976,M,277,9,1,10.0,,362,2021-05-09T13:59:08+02:00,2025-01-04T03:35:11+01:00
268,5308003285,W28,164,10,2,18.99,,362,2024-10-31T16:46:59+01:00,2024-12-04T20:25:45+01:00
269,5591510602,W34,75,10,9,38.0,,362,2025-01-02T23:19:36+01:00,2025-01-11T01:40:18+01:00
270,5569331966,W29,172,22,5,40.0,,362,2024-12-28T15:49:54+01:00,2025-01-12T16:14:34+01:00
271,5426175421,S,165,18,9,20.0,,362,2024-11-22T22:48:49+01:00,2025-01-08T15:35:26+01:00
272,1038378844,L,1052,29,7,16.0,,362,2021-04-14T18:31:11+02:00,2025-01-06T03:55:23+01:00
273,2793037415,L,246,13,7,20.0,,362,2023-03-15T18:45:42+01:00,2025-01-10T20:05:46+01:00
274,5109382794,W30,242,15,7,25.0,,362,2024-09-26T10:17:21+02:00,2025-01-12T12:25:47+01:00
275,2316793364,M,88,1,3,8.0,,362,2022-10-16T13:00:03+02:00,2024-06-22T15:00:27+02:00
276,2989399441,M,54,3,1,10.0,,362,2023-05-07T12:22:06+02:00,2024-12-14T09:55:23+01:00
277,5561802617,W30,57,9,2,30.0,,362,2024-12-26T14:48:31+01:00,2025-01-12T00:25:29+01:00
278,4599852300,M,99,11,7,20.0,,362,2024-06-04T21:15:53+02:00,2025-01-08T23:30:29+01:00
279,5638904369,W33,2,0,0,17.0,,362,2025-01-12T10:38:53+01:00,2025-01-12T10:40:03+01:00
280,5585371526,L,26,1,0,20.0,,362,2025-01-01T18:16:30+01:00,2025-01-12T03:15:16+01:00
281,5393053348,W36,180,17,4,30.99,,362,2024-11-16T18:51:54+01:00,2025-01-10T22:45:12+01:00
282,5132751241,W36,169,14,10,15.0,,362,2024-09-30T00:44:31+02:00,2025-01-11T15:31:40+01:00
283,1265244159,S,374,19,5,15.0,,362,2021-08-20T00:50:54+02:00,2025-01-08T15:40:41+01:00
284,4892512492,W30,532,18,1,19.0,,362,2024-08-16T00:39:32+02:00,2025-01-06T20:15:33+01:00
285,4634840870,W28,208,13,3,25.0,,362,2024-06-12T20:58:01+02:00,2025-01-05T12:55:58+01:00
286,5577550981,W33,111,8,4,30.0,,362,2024-12-30T13:21:13+01:00,2025-01-11T01:55:12+01:00
287,1359438857,M,240,4,2,10.0,,362,2021-10-08T01:17:39+02:00,2024-10-10T09:05:26+02:00
288,1363059927,M,86,5,0,9.5,,362,2021-10-09T20:39:53+02:00,2024-10-20T17:15:15+02:00
289,5517896347,W28,254,22,3,20.0,,362,2024-12-12T14:24:37+01:00,2025-01-09T13:30:01+01:00
290,5640150967,S,14,3,1,20.0,,362,2025-01-12T13:03:29+01:00,2025-01-12T18:20:30+01:00
291,5071328972,S,83,10,4,15.0,,362,2024-09-19T14:40:00+02:00,2025-01-06T18:35:13+01:00
292,5343554546,W31,48,4,1,25.0,,362,2024-11-07T15:16:15+01:00,2025-01-10T12:50:10+01:00
293,5583893103,M,132,10,5,25.0,,362,2025-01-01T13:41:52+01:00,2025-01-12T13:45:02+01:00
294,3858448208,W23,330,20,6,15.0,,362,2023-12-08T12:19:15+01:00,2024-12-22T17:30:54+01:00
295,2237544300,M,1205,20,6,10.0,,362,2022-09-25T10:29:00+02:00,2024-11-13T21:50:50+01:00
296,5581295526,W33,83,9,3,32.0,,362,2024-12-31T12:40:44+01:00,2025-01-11T20:10:31+01:00
297,5625402844,W30,16,2,2,20.0,,362,2025-01-09T14:22:48+01:00,2025-01-12T03:25:18+01:00
298,4646217176,W31,87,7,3,20.0,,362,2024-06-15T18:43:19+02:00,2025-01-02T02:05:23+01:00
299,5641183735,M,4,0,0,24.0,,362,2025-01-12T13:46:44+00:00,2025-01-12T13:46:49+00:00
300,689806055,M,402,7,3,15.0,,362,2020-11-01T12:26:05+01:00,2025-01-09T08:50:12+01:00
301,5379988633,W24,122,8,5,20.0,,362,2024-11-14T09:49:38+01:00,2025-01-11T18:27:52+01:00
302,4401755993,W32,85,9,2,25.0,,362,2024-04-22T14:33:25+02:00,2025-01-11T00:40:20+01:00
303,2195439595,M,252,3,1,5.5,,362,2022-09-13T14:53:41+02:00,2024-11-09T08:05:11+01:00
304,3748696987,W34,196,20,15,35.0,,362,2023-11-12T14:41:23+01:00,2025-01-12T16:30:25+01:00
305,1654723757,M,219,6,2,12.0,,362,2022-02-23T19:26:37+01:00,2024-11-27T02:26:03+01:00
306,4197523275,W28,14,2,0,10.0,,362,2024-03-08T17:59:55+01:00,2024-12-02T17:02:55+01:00
307,3339108327,W34,191,8,3,15.0,,362,2023-08-11T14:43:43+02:00,2025-01-05T11:45:39+01:00
308,4190265474,W30,39,2,0,9.0,,362,2024-03-06T18:40:00+01:00,2024-12-29T01:25:26+01:00
309,4066099450,W32,318,16,4,35.0,,362,2024-02-05T15:17:41+01:00,2025-01-09T19:56:00+01:00
310,2291430413,S,322,18,4,10.0,,362,2022-10-09T12:31:01+02:00,2024-12-11T20:51:01+01:00
311,745645276,XS,475,6,2,10.0,,362,2018-03-20T15:51:41+01:00,2024-12-27T01:25:22+01:00
312,2158849876,L,609,6,2,10.0,,362,2022-09-02T14:24:18+02:00,2024-11-14T01:45:24+01:00
313,2721250803,S,65,2,1,10.0,,362,2023-02-23T17:36:32+01:00,2025-01-02T02:35:26+01:00
314,2470206811,XS,35,2,1,9.0,,362,2022-11-30T12:53:40+01:00,2024-09-07T12:54:50+02:00
315,4240796121,W33,104,4,1,15.0,,362,2024-03-18T15:38:29+01:00,2024-11-07T05:45:04+01:00
316,4976070458,M,200,20,5,24.0,,362,2024-09-02T13:47:43+02:00,2025-01-12T17:10:14+01:00
317,5307223215,L,150,10,1,30.0,,362,2024-10-31T14:22:35+01:00,2025-01-09T19:30:46+01:00
318,3980246258,W30,250,5,1,10.0,,362,2024-01-14T21:30:59+01:00,2024-12-25T18:55:12+01:00
319,3589016280,L,112,4,3,15.0,,362,2023-10-10T12:25:40+02:00,2025-01-07T22:08:58+01:00
320,5635010531,M,34,3,1,27.7,,362,2025-01-11T14:51:29+01:00,2025-01-12T16:26:09+01:00
321,4156142875,W32,102,3,0,10.0,,362,2024-02-27T17:57:50+01:00,2024-09-24T16:10:31+02:00
322,5640961804,W32,8,2,2,70.0,,362,2025-01-12T14:25:45+01:00,2025-01-12T16:09:39+01:00
323,5409139338,W30,187,19,5,29.0,,362,2024-11-19T14:16:46+01:00,2025-01-07T11:50:31+01:00
324,4910486031,M,95,7,6,12.0,,362,2024-08-19T23:36:21+02:00,2025-01-04T00:15:25+01:00
325,5049659802,W31,94,11,4,25.0,,362,2024-09-15T17:04:41+02:00,2025-01-01T11:40:22+01:00
326,4716349520,L,99,5,3,15.0,,362,2024-07-02T22:48:40+02:00,2025-01-05T17:00:13+01:00
327,2868343496,M,203,10,12,20.0,,362,2023-04-04T21:41:15+02:00,2025-01-04T12:23:21+01:00
328,5166690495,W33,39,9,0,25.0,,362,2024-10-06T11:26:33+02:00,2025-01-07T04:40:05+01:00
329,4652255196,W33,227,9,3,20.0,,362,2024-06-16T22:45:46+02:00,2024-12-13T11:30:37+01:00
330,2188069219,M,433,13,0,25.0,,362,2022-09-11T14:45:33+02:00,2025-01-12T10:00:39+01:00
331,4572650317,M,38,3,1,12.0,,362,2024-05-29T20:52:09+02:00,2024-07-13T18:37:26+02:00
332,1756200762,M,124,4,1,17.5,,362,2022-04-11T10:19:49+02:00,2024-12-31T00:55:19+01:00
333,3385171578,L,46,4,0,18.0,,362,2023-08-24T12:39:42+02:00,2025-01-11T08:30:14+01:00
334,2185535684,M,192,8,5,13.0,,362,2022-09-10T19:15:16+02:00,2024-11-08T07:40:04+01:00
335,5137757965,M,58,4,4,20.0,,362,2024-09-30T21:16:02+02:00,2025-01-10T02:10:27+01:00
336,836662453,S,238,6,2,10.0,,362,2021-01-10T12:41:50+01:00,2025-01-04T12:25:48+01:00
337,5373732736,W34,53,5,1,15.0,,362,2024-11-12T21:09:30+01:00,2024-12-30T01:30:18+01:00
338,2258317376,S,314,11,15,8.0,,362,2022-09-30T13:24:23+02:00,2024-12-14T21:25:17+01:00
339,4889505655,M,75,6,3,20.0,,362,2024-08-15T12:19:19+02:00,2024-12-06T23:25:33+01:00
340,3864373012,XL,208,14,3,20.0,,362,2023-12-09T20:43:50+01:00,2025-01-07T13:55:14+01:00
341,3721099046,W32,83,9,1,25.0,,362,2023-11-06T12:56:39+01:00,2025-01-07T08:35:09+01:00
342,5621927128,L,123,10,5,50.0,,362,2025-01-08T17:37:03+01:00,2025-01-12T17:58:35+01:00
343,5643387408,W32,3,0,0,45.0,,362,2025-01-12T10:15:22-07:00,2025-01-12T10:15:32-07:00
344,5632267998,W36,25,1,0,27.0,,362,2025-01-10T22:09:04+01:00,2025-01-12T18:26:41+01:00
345,4088751104,M,62,7,1,15.0,,362,2024-02-11T15:14:46+01:00,2024-12-25T18:25:24+01:00
346,3637148444,W30,282,19,8,20.0,,362,2023-10-20T16:33:59+02:00,2025-01-02T12:25:26+01:00
347,2523047146,L,347,10,7,17.0,,362,2022-12-19T12:03:19+01:00,2024-12-16T01:10:25+01:00
348,5579659157,L,79,7,1,40.0,,362,2024-12-30T20:03:25+01:00,2025-01-09T01:45:24+01:00
349,5313681748,W36,394,13,2,30.0,,362,2024-11-01T20:25:23+01:00,2025-01-10T00:35:26+01:00
350,5528676026,W32,32,2,1,15.0,,362,2024-12-15T11:50:38+01:00,2024-12-17T23:00:13+01:00
351,1909599518,L,460,28,2,19.0,,362,2022-05-26T20:08:58+02:00,2025-01-09T16:05:27+01:00
352,5603481292,W30,17,1,1,20.0,,362,2025-01-05T12:02:42+01:00,2025-01-07T07:42:33+01:00
353,2127180078,S,694,15,4,15.0,,362,2022-08-22T20:16:42+02:00,2025-01-11T02:00:13+01:00
354,4916802272,W31,76,4,1,20.5,,362,2024-08-21T13:08:28+02:00,2025-01-11T21:55:23+01:00
355,4969864576,W34,64,4,5,18.49,,362,2024-09-01T12:41:58+02:00,2024-11-06T13:49:50+01:00
356,3761638996,W31,97,3,1,10.0,,362,2023-11-15T07:08:56+01:00,2024-12-22T13:00:25+01:00
357,1613471894,M,176,7,7,15.0,,362,2022-02-06T11:36:22+01:00,2024-12-28T02:20:05+01:00
358,4839091369,W28,697,47,17,30.0,,362,2024-08-02T19:08:32+02:00,2025-01-12T15:15:43+01:00
359,5434049794,W31,53,6,0,30.0,,362,2024-11-24T13:44:05+01:00,2025-01-08T21:00:32+01:00
360,3293598979,W31,507,6,4,20.0,,362,2023-07-30T15:21:09+02:00,2024-12-01T01:55:09+01:00
361,3721110090,W32,118,4,3,25.0,,362,2023-11-06T12:58:40+01:00,2024-12-31T08:55:07+01:00
362,4244948714,W34,182,10,2,30.0,,362,2024-03-19T15:15:44+01:00,2025-01-12T07:30:03+01:00
363,3903501963,W30,101,5,0,20.0,,362,2023-12-22T21:06:58+01:00,2024-11-11T22:07:38+01:00
364,5610793060,W32,32,4,1,34.0,,362,2025-01-06T13:25:57+01:00,2025-01-10T08:33:44+01:00
365,4010988890,W34,197,13,6,20.0,,362,2024-01-22T16:47:39+01:00,2025-01-02T21:05:28+01:00
366,5568760664,W31,118,12,4,40.0,,362,2024-12-28T14:16:02+01:00,2025-01-11T16:25:41+01:00
367,836668370,S,334,10,3,10.0,,362,2021-01-10T12:43:42+01:00,2024-12-22T21:29:40+01:00
368,3829576044,W29,90,4,1,10.0,,362,2023-11-30T17:26:17+01:00,2024-10-31T21:54:19+01:00
369,4975952086,W30,86,6,3,20.0,,362,2024-09-02T13:27:22+02:00,2025-01-09T18:35:43+01:00
370,3336490834,L,76,2,2,15.0,,362,2023-08-10T17:20:04+02:00,2025-01-11T01:50:25+01:00
371,3843672743,W32,124,5,3,20.0,,362,2023-12-04T11:06:44+01:00,2024-12-29T23:26:31+01:00
372,5397568203,W32,121,12,2,40.0,,362,2024-11-17T14:49:55+01:00,2025-01-10T18:20:33+01:00
373,4767486604,W32,97,10,2,30.0,,362,2024-07-15T13:29:24+02:00,2024-12-29T13:00:10+01:00
374,2726364026,L,108,6,3,12.0,,362,2023-02-25T12:45:41+01:00,2024-10-06T23:42:08+02:00
375,5068342778,S,425,34,17,40.0,,362,2024-09-18T20:15:54+02:00,2025-01-12T17:52:24+01:00
376,4773657713,W30,46,7,0,15.0,,362,2024-07-16T19:57:53+02:00,2024-12-02T12:05:20+01:00
377,5175968290,W30,69,11,2,18.0,,362,2024-10-07T14:28:54+02:00,2025-01-08T10:00:06+01:00
378,1349898040,M,358,7,2,5.0,,362,2021-10-03T18:06:56+02:00,2024-09-24T14:55:43+02:00
379,4076565449,W29,24,2,0,15.0,,362,2024-02-08T12:57:54+01:00,2024-06-23T00:10:08+02:00
380,5278015367,W34,150,9,3,30.0,,362,2024-10-26T08:08:15+02:00,2025-01-06T14:20:41+01:00
381,5291494766,L,72,5,3,20.0,,362,2024-10-28T12:11:07+01:00,2025-01-09T18:40:30+01:00
382,5223233615,W31,149,13,4,27.0,,362,2024-10-15T18:33:42+02:00,2025-01-09T02:40:11+01:00
383,3543989793,W30,65,3,1,15.0,,362,2023-09-30T16:43:00+01:00,2025-01-07T15:25:28+00:00
384,2291927604,XS,58,1,0,9.0,,362,2022-10-09T13:51:54+02:00,2024-09-28T11:00:13+02:00
385,731832730,S,330,5,1,8.0,,362,2020-05-13T12:16:42+02:00,2024-11-09T19:00:34+01:00
386,4937523328,M,181,11,2,20.0,,362,2024-08-25T17:29:07+02:00,2025-01-06T15:20:51+01:00
387,5623219039,W32,147,11,14,48.5,,362,2025-01-08T21:46:34+01:00,2025-01-12T13:27:28+01:00
388,4969556074,L,605,32,14,40.0,,362,2024-09-01T12:00:39+02:00,2025-01-12T14:30:38+01:00
389,745879222,M,679,4,1,5.0,,362,2020-11-18T19:33:43+01:00,2024-09-14T07:55:07+02:00
390,4950967848,W31,99,4,1,15.0,,362,2024-08-28T11:42:36+02:00,2025-01-02T12:15:55+01:00
391,4313240415,W31,161,5,3,25.0,,362,2024-04-03T23:04:49+02:00,2025-01-11T11:30:21+01:00
392,4376892937,M,49,4,1,15.0,,362,2024-04-17T13:39:01+02:00,2024-10-29T22:55:16+01:00
393,5609829927,W29,16,0,0,19.99,,362,2025-01-06T10:51:23+01:00,2025-01-06T10:51:25+01:00
394,5352231821,W30,100,10,5,30.0,,362,2024-11-09T13:43:27+01:00,2025-01-11T16:47:36+01:00
395,1322441745,S,255,14,4,10.0,,362,2021-09-20T12:36:27+02:00,2025-01-11T21:35:46+01:00
396,720459969,L,265,5,2,5.99,,362,2019-03-26T14:28:38+01:00,2024-12-24T14:15:09+01:00
397,3370870151,W32,159,2,0,15.0,,362,2023-08-20T14:56:41+02:00,2025-01-12T16:31:14+01:00
398,4111561464,W30,54,2,0,7.0,,362,2024-02-17T15:37:18+01:00,2025-01-12T09:45:12+01:00
399,4299982153,W32,65,4,2,25.0,,362,2024-04-01T13:41:42+02:00,2024-11-13T01:20:17+01:00
400,2863067090,M,324,9,3,15.0,,362,2023-04-03T14:39:26+02:00,2024-08-15T23:10:24+02:00
401,2674313608,L,163,7,1,12.0,,362,2023-02-09T11:24:42+01:00,2024-11-07T13:30:30+01:00
402,5592168668,M,32,0,0,32.0,,362,2025-01-03T10:40:10+01:00,2025-01-03T15:23:06+01:00
403,4463296107,W34,90,5,0,15.0,,362,2024-05-05T20:25:56+02:00,2024-12-28T12:35:41+01:00
404,5589301034,W31,92,8,0,33.0,,362,2025-01-02T16:28:12+01:00,2025-01-08T08:30:10+01:00
405,4073233562,W34,219,13,5,30.0,,362,2024-02-07T14:11:54+01:00,2025-01-06T18:45:40+01:00
406,2035736197,M,185,8,3,15.0,,362,2022-07-14T22:44:08+02:00,2024-12-19T12:48:58+01:00
407,5137422954,W36,64,6,1,20.0,,362,2024-09-30T20:19:51+02:00,2025-01-11T15:40:33+01:00
408,4918900575,W32,126,9,2,30.0,,362,2024-08-21T18:39:06+02:00,2025-01-08T15:10:21+01:00
409,1585381553,M,139,2,1,12.0,,362,2022-01-24T13:19:36+01:00,2024-08-26T01:11:49+02:00
410,4366433514,W32,468,15,4,18.0,,362,2024-04-15T11:08:16+02:00,2024-11-28T01:00:16+01:00
411,2762234076,M,63,10,2,15.0,,362,2023-03-07T12:35:21+01:00,2024-12-22T13:10:08+01:00
412,5602343193,M,6,0,0,30.0,,362,2025-01-05T01:01:40+01:00,2025-01-05T08:31:03+01:00
413,4266949094,L,149,11,6,30.0,,362,2024-03-24T15:34:42+01:00,2025-01-08T04:45:01+01:00
414,5641361997,W40,5,0,0,25.0,,362,2025-01-12T15:03:14+01:00,2025-01-12T16:46:28+01:00
415,4537005769,S,83,4,2,14.0,,362,2024-05-21T20:48:29+02:00,2025-01-07T14:39:07+01:00
416,3751903392,W29,111,6,4,25.0,,362,2023-11-12T20:59:52+01:00,2024-12-25T15:48:29+01:00
417,2247073199,S,151,6,7,15.0,,362,2022-09-27T11:28:10+02:00,2025-01-04T10:35:31+01:00
418,4024089164,M,42,3,3,18.0,,362,2024-01-26T10:40:18+01:00,2025-01-04T16:17:02+01:00
419,5551425476,W32,26,3,0,35.0,,362,2024-12-21T23:11:18+01:00,2025-01-08T22:55:15+01:00
420,3695780064,W31,94,2,0,15.0,,362,2023-11-01T15:36:28+01:00,2024-01-23T00:50:21+01:00
421,732833308,L,333,6,1,16.0,,362,2020-09-23T15:15:08+02:00,2024-11-04T12:05:28+01:00
422,4157805311,W33,69,5,4,20.0,,362,2024-02-28T09:49:53+01:00,2025-01-04T16:42:14+01:00
423,3530729667,S,61,4,2,12.0,,362,2023-09-27T14:40:16+02:00,2025-01-04T12:25:12+01:00
424,4473353987,W31,235,13,1,25.0,,362,2024-05-07T22:31:18+02:00,2024-12-29T22:20:22+01:00
425,4645262438,W30,53,2,2,15.0,,362,2024-06-15T15:52:34+02:00,2024-10-08T19:39:02+02:00
426,4977815835,W29,99,3,2,21.0,,362,2024-09-02T18:18:42+02:00,2024-12-21T16:52:34+01:00
427,4788079527,W32,132,13,9,20.0,,362,2024-07-20T20:16:17+02:00,2025-01-05T19:04:06+01:00
428,4043150580,M,1401,84,39,40.0,,362,2024-01-30T19:51:34+01:00,2025-01-12T14:21:13+01:00
429,3059449042,L,90,9,1,19.95,,362,2023-05-24T22:56:42+02:00,2025-01-08T18:10:12+01:00
430,5478036937,XL,190,16,3,35.0,,362,2024-12-03T14:42:27+01:00,2025-01-11T10:25:11+01:00
431,4939719348,M,57,5,3,20.0,,362,2024-08-26T02:32:39+02:00,2024-12-13T15:00:35+01:00
432,3211304121,W30,253,13,8,25.0,,362,2023-07-05T19:39:41+02:00,2025-01-11T21:50:35+01:00
433,5329893022,W32,150,17,5,40.0,,362,2024-11-04T16:48:47+01:00,2025-01-12T03:00:22+01:00
434,3550518922,W33,299,12,5,15.0,,362,2023-10-01T20:59:15+02:00,2024-10-28T00:55:18+01:00
435,3754571543,W30,291,7,2,23.0,,362,2023-11-13T14:49:01+01:00,2024-12-16T18:30:18+01:00
436,2205858151,S,142,9,1,12.0,,362,2022-09-16T17:33:11+02:00,2024-12-26T12:05:21+01:00
437,5621407041,W38,74,3,0,39.0,,362,2025-01-08T16:07:25+01:00,2025-01-11T18:25:50+01:00
438,3505969489,W32,113,4,0,25.0,,362,2023-09-22T12:21:32+02:00,2024-12-11T13:10:32+01:00
439,4804366493,W31,65,7,3,25.0,,362,2024-07-24T17:20:14+02:00,2025-01-06T21:35:28+01:00
440,4834255787,W31,130,8,6,29.0,,362,2024-08-01T14:52:46+02:00,2025-01-02T20:20:42+01:00
441,1545580978,S,105,3,1,15.0,,362,2022-01-06T18:45:09+01:00,2025-01-02T23:55:12+01:00
442,5298197000,W31,44,4,0,15.0,,362,2024-10-29T15:47:50+01:00,2024-12-24T02:55:02+01:00
443,4178494317,W34,127,11,3,30.0,,362,2024-03-03T21:17:17+01:00,2025-01-09T21:15:31+01:00
444,2600769525,M,411,11,8,18.0,,362,2023-01-17T22:29:47+01:00,2025-01-12T15:35:14+01:00
445,4114930612,W31,100,7,2,25.0,,362,2024-02-18T12:38:07+01:00,2025-01-10T18:40:41+01:00
446,5609560672,M,30,4,1,26.0,,362,2025-01-06T09:38:48+01:00,2025-01-12T14:41:15+01:00
447,4647573642,M,88,5,2,25.0,,362,2024-06-16T08:58:50+02:00,2025-01-04T01:05:31+01:00
448,5058521944,W32,171,12,4,30.0,,362,2024-09-16T23:59:06+02:00,2024-12-29T22:20:49+01:00
449,5257618630,M,105,12,4,30.0,,362,2024-10-21T20:57:50+02:00,2025-01-09T19:35:26+01:00
450,5569746624,W34,52,2,0,30.0,,362,2024-12-28T17:00:09+01:00,2024-12-28T21:15:27+01:00
451,4761122636,W33,62,3,0,19.0,,362,2024-07-13T19:59:08+02:00,2024-11-09T17:50:26+01:00
452,1950862087,S,75,3,3,20.0,,362,2022-06-09T18:10:21+02:00,2025-01-11T21:35:46+01:00
453,2713541264,S,156,5,2,12.0,,362,2023-02-21T12:42:36+01:00,2024-07-14T17:35:35+02:00
454,5569436863,W34,97,11,4,55.0,,362,2024-12-28T16:07:03+01:00,2025-01-11T06:49:12+01:00
455,1873523669,XS,92,2,0,10.0,,362,2022-05-18T17:32:28+02:00,2024-11-15T14:30:15+01:00
456,1923187452,L,453,15,11,25.0,,362,2022-05-30T22:58:48+02:00,2025-01-07T00:41:28+01:00
457,5130667685,W31,25,3,1,20.0,,362,2024-09-29T18:32:49+02:00,2025-01-10T18:06:39+01:00
458,3014693945,M,118,5,5,20.0,,362,2023-05-13T14:25:05+02:00,2024-12-19T22:50:40+01:00
459,3019024130,M,110,12,2,35.0,,362,2023-05-14T15:34:43+02:00,2025-01-08T21:37:46+01:00
460,1305296535,L,505,5,6,20.0,,362,2021-09-11T14:36:02+02:00,2025-01-12T18:32:20+01:00
461,5582153154,W36,66,4,2,30.0,,362,2024-12-31T15:57:53+01:00,2025-01-12T16:26:52+01:00
462,2535009623,M,188,11,2,25.0,,362,2022-12-26T20:17:39+01:00,2025-01-11T21:55:37+01:00
463,3995477630,W31,52,4,0,25.0,,362,2024-01-18T21:32:42+01:00,2024-11-02T09:20:14+01:00
464,2750761074,L,213,11,2,28.0,,362,2023-03-04T13:30:42+01:00,2025-01-08T15:40:28+01:00
465,5570500980,M,62,2,1,25.0,,362,2024-12-28T19:35:15+01:00,2025-01-05T21:36:08+01:00
466,5560431965,S,90,14,6,39.0,,362,2024-12-25T22:38:31+01:00,2025-01-11T14:45:39+01:00
467,3214135319,W34,122,2,0,15.0,,362,2023-07-06T17:15:58+02:00,2024-12-07T22:30:51+01:00
468,3434844127,W29,36,2,0,15.0,,362,2023-09-04T16:47:40+02:00,2024-06-27T00:35:28+02:00
469,3905279222,W32,193,6,8,20.0,,362,2023-12-23T22:16:44+01:00,2024-12-23T23:52:31+01:00
470,4177770638,W28,148,3,1,20.0,,362,2024-03-03T19:06:18+01:00,2024-08-26T09:45:12+02:00
471,4288025104,W34,149,11,4,20.0,,362,2024-03-29T13:39:21+01:00,2024-12-29T03:25:05+01:00
472,1116575277,M,374,7,2,15.0,,362,2021-05-17T11:14:30+02:00,2024-12-11T06:55:11+01:00
473,5148479740,M,48,3,0,20.0,,362,2024-10-02T20:48:44+02:00,2024-11-29T19:20:36+01:00
474,5609796592,W32,25,1,1,44.9,,362,2025-01-06T10:44:25+01:00,2025-01-09T12:33:19+01:00
475,3669979927,W30,130,8,3,17.0,,362,2023-10-26T22:10:21+02:00,2025-01-06T01:05:12+01:00
476,3830899047,W30,80,3,2,20.0,,362,2023-11-30T23:49:42+01:00,2024-10-09T15:05:35+02:00
477,5224108168,W32,76,3,2,25.0,,362,2024-10-15T21:08:14+02:00,2024-12-29T15:54:28+01:00
478,5633985923,W32,9,2,1,30.0,,362,2025-01-11T12:40:15+01:00,2025-01-11T20:55:46+01:00
479,5058686762,W31,67,3,1,20.0,,362,2024-09-17T07:29:04+02:00,2024-12-09T03:00:20+01:00
480,5572992568,W33,40,4,0,30.0,,362,2024-12-29T13:55:08+01:00,2024-12-30T22:40:15+01:00
481,5638026942,W34,13,2,0,49.0,,362,2025-01-11T22:50:45+01:00,2025-01-12T14:55:38+01:00
482,4575250765,W25,26,2,0,15.0,,362,2024-05-30T15:05:53+02:00,2024-10-06T14:48:46+02:00
483,4040801557,W31,123,3,1,24.0,,362,2024-01-30T11:08:16+01:00,2025-01-09T03:00:10+01:00
484,1746081484,S,85,3,1,15.0,,362,2022-04-06T17:53:37+02:00,2024-12-30T13:33:31+01:00
485,1535440111,M,488,21,5,25.0,,362,2022-01-02T00:47:48+01:00,2025-01-06T20:50:49+01:00
486,3444289313,M,83,5,1,10.0,,362,2023-09-07T09:33:09+02:00,2024-11-24T15:40:12+01:00
487,5339410687,W34,207,13,6,37.99,,362,2024-11-06T17:04:23+01:00,2025-01-11T08:22:51+01:00
488,5078438809,W33,118,11,4,30.0,,362,2024-09-20T21:38:54+02:00,2024-12-12T12:30:13+01:00
489,5640519699,W30,5,1,1,35.0,,362,2025-01-12T13:41:53+01:00,2025-01-12T16:33:54+01:00
490,5386678504,W34,71,8,2,40.0,,362,2024-11-15T15:48:42+01:00,2025-01-06T18:55:14+01:00
491,4309864631,W30,27,3,1,15.0,,362,2024-04-03T12:58:04+02:00,2024-11-16T14:45:11+01:00
492,1609429723,L,286,3,1,15.0,,362,2022-02-04T13:17:52+01:00,2024-10-22T02:05:23+02:00
493,3622192487,M,56,3,2,25.0,,362,2023-10-17T12:53:05+02:00,2024-10-17T22:55:23+02:00
494,2096068565,L,265,6,1,12.0,,362,2022-08-10T19:25:00+02:00,2024-01-15T14:28:04+01:00
495,2097899500,L,98,2,1,15.0,,362,2022-08-11T16:53:39+02:00,2024-12-28T14:10:16+01:00
496,2073813812,M,183,4,3,20.0,,362,2022-08-01T10:14:12+02:00,2024-03-31T17:10:21+02:00
497,4776266151,W36,50,8,0,20.0,,362,2024-07-17T14:57:30+02:00,2025-01-02T23:35:14+01:00
498,3269332755,M,296,22,12,25.0,,362,2023-07-23T15:10:27+02:00,2025-01-09T20:34:11+01:00
499,945250174,M,562,16,1,20.0,,362,2021-03-06T21:49:48+01:00,2025-01-06T22:45:40+01:00
500,5223244851,W29,79,4,2,25.0,,362,2024-10-15T18:35:28+02:00,2025-01-12T12:14:10+01:00
501,5640342878,L,16,1,0,50.0,,362,2025-01-12T13:23:40+01:00,2025-01-12T16:35:22+01:00
502,1592346488,M,79,4,1,25.0,,362,2022-01-27T16:54:42+01:00,2025-01-10T20:55:13+01:00
503,3073459314,L,292,14,3,18.0,,362,2023-05-29T08:56:58+02:00,2024-12-25T22:00:21+01:00
504,3999687548,W34,228,7,8,25.0,,362,2024-01-20T10:47:22+01:00,2024-12-10T01:00:12+01:00
505,1960408114,M,161,4,1,25.0,,362,2022-06-13T14:22:33+02:00,2025-01-08T02:35:19+01:00
506,2642646243,XS,339,12,6,15.0,,362,2023-01-30T18:10:49+01:00,2024-12-19T19:07:10+01:00
507,3808214485,W32,392,19,9,40.0,,362,2023-11-25T18:30:29+01:00,2025-01-10T02:05:20+01:00
508,5606869049,W32,14,2,0,35.0,,362,2025-01-05T17:30:25+01:00,2025-01-11T12:20:05+01:00
509,2961369308,XL,103,4,3,25.0,,362,2023-04-30T10:12:59+02:00,2025-01-09T21:05:49+01:00
510,4239942821,M,66,5,0,20.0,,362,2024-03-18T12:59:26+01:00,2024-12-25T18:40:25+01:00
511,4624229291,XL,45,5,2,15.0,,362,2024-06-10T16:20:42+02:00,2025-01-10T09:12:29+01:00
512,4567088207,W33,295,33,11,50.0,,362,2024-05-28T17:23:44+02:00,2025-01-09T20:25:45+01:00
513,1422685108,XS,151,3,1,12.0,,362,2021-11-05T15:02:17+01:00,2023-08-07T12:12:02+02:00
514,3710358246,S,60,3,1,20.0,,362,2023-11-04T15:41:02+01:00,2024-12-22T21:32:09+01:00
515,1503830636,L,103,3,0,14.0,,362,2021-12-11T18:22:36+01:00,2024-04-18T10:40:20+02:00
516,5588977481,M,34,4,1,30.0,,362,2025-01-02T15:44:32+01:00,2025-01-04T10:30:11+01:00
517,4317613662,W36,24,4,0,17.0,,362,2024-04-04T22:33:22+02:00,2024-10-20T00:20:17+02:00
518,4845542273,W30,192,14,5,25.0,,362,2024-08-04T14:42:38+02:00,2024-12-29T20:55:30+01:00
519,1693497545,L,120,2,0,15.0,,362,2022-03-13T20:06:28+01:00,2024-12-12T07:55:16+01:00
520,2936278582,XL,1119,27,5,30.0,,362,2023-04-23T14:35:34+02:00,2025-01-07T19:05:42+01:00
521,5615115566,W33,21,3,0,30.0,,362,2025-01-07T10:57:49+01:00,2025-01-10T16:10:17+01:00
522,5634077374,W31,49,1,2,35.0,,362,2025-01-11T12:52:53+01:00,2025-01-12T18:08:17+01:00
523,3744598242,W29,495,31,19,20.0,,362,2023-11-11T18:02:05+01:00,2025-01-03T14:50:28+01:00
524,4017611032,W33,74,4,0,25.0,,362,2024-01-24T13:38:07+01:00,2024-12-29T20:10:24+01:00
525,3760187998,W32,83,6,2,20.0,,362,2023-11-14T18:31:28+01:00,2024-11-30T10:20:30+01:00
526,5563417218,M,65,3,3,25.0,,362,2024-12-26T22:26:40+01:00,2025-01-05T15:15:13+01:00
527,5602774112,W29,26,3,0,40.0,,362,2025-01-05T10:14:22+01:00,2025-01-12T11:15:28+01:00
528,3784584638,W31,62,3,3,15.0,,362,2023-11-20T00:58:39+01:00,2024-11-28T20:05:38+01:00
529,3951411494,W32,99,12,2,30.0,,362,2024-01-07T16:09:18+01:00,2025-01-05T18:15:26+01:00
530,2659409587,S,84,2,0,15.0,,362,2023-02-05T02:19:16+01:00,2024-11-08T10:51:02+01:00
531,3080390265,XL,179,3,4,20.0,,362,2023-05-30T17:54:35+02:00,2024-12-12T00:20:25+01:00
532,5313466741,L,317,28,7,20.0,,362,2024-11-01T19:37:22+01:00,2024-12-31T19:35:11+01:00
533,3659900144,W30,77,6,3,20.0,,362,2023-10-24T19:22:27+02:00,2024-11-26T11:20:32+01:00
534,2879714698,L,227,6,1,13.5,,362,2023-04-08T15:32:58+02:00,2024-11-15T22:15:29+01:00
535,4321017016,W34,46,3,1,25.0,,362,2024-04-05T19:17:54+02:00,2024-10-31T01:25:11+01:00
536,4595811950,S,124,7,3,20.0,,362,2024-06-03T22:08:02+02:00,2024-12-19T22:40:41+01:00
537,5140778437,W34,81,15,2,35.0,,362,2024-10-01T15:04:06+02:00,2024-12-18T22:30:11+01:00
538,2429772878,M,185,7,1,25.0,,362,2022-11-18T12:13:37+01:00,2024-12-13T21:45:19+01:00
539,5251009919,W34,109,8,2,30.0,,362,2024-10-20T18:44:26+02:00,2024-12-25T11:20:09+01:00
540,2571092839,S,107,4,3,15.0,,362,2023-01-08T18:50:20+01:00,2024-12-18T14:40:05+01:00
541,5566902504,W34,28,2,4,19.0,,362,2024-12-27T21:52:29+01:00,2024-12-30T09:35:30+01:00
542,5109428355,W33,88,9,5,32.0,,362,2024-09-26T10:26:46+02:00,2025-01-09T09:44:31+01:00
543,3887960976,W28,77,4,0,20.0,,362,2023-12-16T16:24:01+01:00,2024-10-12T01:10:20+02:00
544,1362696950,M,98,3,0,20.0,,362,2021-10-09T17:53:15+02:00,2023-07-07T05:44:04+02:00
545,4201779211,W33,236,25,6,38.0,,362,2024-03-09T18:16:22+01:00,2025-01-11T16:22:24+01:00
546,1939181506,L,108,3,0,15.0,,362,2022-06-05T20:25:09+02:00,2023-09-17T18:45:09+02:00
547,1757114235,M,319,13,8,18.0,,362,2022-04-11T16:11:11+02:00,2024-12-21T23:40:10+01:00
548,4015203218,W30,341,18,6,35.0,,362,2024-01-23T18:19:56+01:00,2025-01-12T17:15:15+01:00
549,4633209538,W32,50,7,2,25.0,,362,2024-06-12T15:49:46+02:00,2024-12-06T07:30:11+01:00
550,5555963639,W36,42,5,1,40.0,,362,2024-12-23T14:56:00+01:00,2025-01-12T18:10:36+01:00
551,2217257521,XS,123,2,1,15.0,,362,2022-09-19T14:19:01+02:00,2024-09-16T11:50:19+02:00
552,4615307655,W23,28,3,0,20.0,,362,2024-06-08T18:31:15+02:00,2024-11-27T13:10:14+01:00
553,2029197233,M,209,9,0,25.0,,362,2022-07-12T01:17:29+02:00,2025-01-08T16:55:27+01:00
554,5628845489,S,6,0,0,27.8,,362,2025-01-10T10:55:28+01:00,2025-01-10T21:38:22+01:00
555,4109277758,W31,86,4,4,15.0,,362,2024-02-16T22:49:21+01:00,2024-09-16T05:40:19+02:00
556,2278723397,M,99,6,4,20.0,,362,2022-10-05T16:20:16+02:00,2024-12-19T18:20:19+01:00
557,4310986018,L,181,15,4,33.0,,362,2024-04-03T16:09:14+02:00,2025-01-08T04:05:05+01:00
558,4128122631,W30,134,3,0,22.0,,362,2024-02-21T11:55:33+01:00,2024-09-08T18:00:16+02:00
559,762124564,S,217,8,2,20.0,,362,2020-11-24T20:47:03+01:00,2024-12-31T11:08:23+01:00
560,3143317023,S,31,4,2,20.0,,362,2023-06-16T16:44:16+02:00,2024-12-22T21:31:22+01:00
561,4002042127,W33,72,3,1,22.0,,362,2024-01-20T17:38:20+01:00,2025-01-07T17:05:25+01:00
562,4339081915,W28,55,7,1,18.0,,362,2024-04-09T13:49:21+02:00,2024-09-29T03:55:17+02:00
563,3070518227,XL,181,8,5,15.0,,362,2023-05-28T13:40:13+02:00,2024-12-03T23:30:20+01:00
564,1993428778,M,142,5,0,15.0,,362,2022-06-27T04:54:57+02:00,2024-11-06T19:50:15+01:00
565,759814379,M,273,8,1,15.0,,362,2020-05-05T15:18:27+02:00,2024-12-07T14:30:51+01:00
566,2626107460,L,127,11,4,19.0,,362,2023-01-25T19:35:16+01:00,2024-09-25T19:10:36+02:00
567,4810665143,W36,71,5,4,25.0,,362,2024-07-26T11:54:38+02:00,2024-12-17T11:30:12+01:00
568,3064478016,S,60,9,0,15.0,,362,2023-05-26T15:41:54+02:00,2024-10-19T09:40:24+02:00
569,4827764944,W32,88,12,4,30.0,,362,2024-07-30T18:22:21+02:00,2024-11-27T12:01:26+01:00
570,4055859836,W31,116,13,3,22.0,,362,2024-02-03T13:01:11+01:00,2024-11-07T00:45:25+01:00
571,2075265711,L,184,5,1,16.0,,362,2022-08-01T18:29:31+02:00,2024-11-07T10:10:26+01:00
572,5606428982,W31,24,2,0,29.0,,362,2025-01-05T16:46:45+01:00,2025-01-07T14:40:45+01:00
573,3923748827,W30,73,7,2,20.0,,362,2023-12-31T10:17:41+01:00,2024-12-19T13:05:08+01:00
574,2925733405,S,139,7,1,15.0,,362,2023-04-20T14:54:01+02:00,2024-12-27T21:15:32+01:00
575,3012471690,M,300,6,0,20.0,,362,2023-05-12T19:53:57+02:00,2024-10-30T00:45:22+01:00
576,3090717460,M,1683,63,20,20.0,,362,2023-06-02T14:48:16+02:00,2024-12-27T06:50:03+01:00
577,857737838,S,104,3,0,15.0,,362,2021-01-21T18:37:20+01:00,2024-08-30T18:55:15+02:00
578,745781116,M,293,3,1,12.0,,362,2020-04-18T19:43:30+02:00,2024-11-05T20:05:42+01:00
579,4329675366,W33,91,7,1,25.0,,362,2024-04-07T16:03:44+02:00,2025-01-07T02:40:23+01:00
580,5600854512,W28,4,0,0,30.0,,362,2025-01-04T18:47:07+01:00,2025-01-04T18:54:03+01:00
581,3930317848,W31,591,26,10,25.0,,362,2024-01-02T15:21:56+01:00,2025-01-05T04:05:17+01:00
582,5264127421,W29,114,15,2,30.0,,362,2024-10-23T10:22:33+02:00,2025-01-05T15:52:53+01:00
583,4740902263,W36,71,3,0,20.0,,362,2024-07-08T19:42:54+02:00,2025-01-05T14:35:12+01:00
584,5358069130,W30,59,6,2,25.0,,362,2024-11-10T13:43:46+01:00,2025-01-05T04:40:17+01:00
585,5148973572,W34,38,4,1,25.0,,362,2024-10-02T22:27:49+02:00,2024-12-06T11:05:33+01:00
586,2731406173,M,91,5,1,22.0,,362,2023-02-26T15:46:40+01:00,2024-05-28T01:00:22+02:00
587,4826563347,W34,96,5,4,23.0,,362,2024-07-30T14:02:28+02:00,2024-11-04T15:50:34+01:00
588,1349097706,L,668,21,9,20.0,,362,2021-10-03T15:48:00+02:00,2024-12-30T11:20:24+01:00
589,3498542770,W34,127,6,4,25.0,,362,2023-09-20T15:38:33+02:00,2024-09-02T23:00:31+02:00
590,3060344218,L,429,14,2,17.0,,362,2023-05-25T11:52:17+02:00,2024-12-03T02:05:13+01:00
591,3336504743,L,46,3,2,20.0,,362,2023-08-10T17:23:34+02:00,2024-12-27T02:35:04+01:00
592,3695720172,W23,115,4,3,24.0,,362,2023-11-01T15:28:40+01:00,2024-08-18T23:35:25+02:00
593,4220987973,S,27,4,0,20.0,,362,2024-03-14T09:08:17+01:00,2024-12-20T15:19:17+01:00
594,2420996596,M,67,5,1,22.0,,362,2022-11-15T16:04:21+01:00,2024-12-06T10:30:23+01:00
595,5631307792,W33,23,0,0,30.0,,362,2025-01-10T18:29:45+01:00,2025-01-12T17:28:14+01:00
596,984162406,S,68,2,0,17.0,,362,2021-03-24T23:05:17+01:00,2024-10-15T15:52:11+02:00
597,5627224979,W32,38,3,0,50.0,,362,2025-01-09T19:54:13+01:00,2025-01-11T20:05:45+01:00
598,1945668874,S,78,3,1,15.0,,362,2022-06-07T20:26:20+02:00,2024-12-11T23:45:29+01:00
599,4639039231,W30,212,17,17,25.0,,362,2024-06-13T21:26:22+02:00,2024-11-24T10:50:29+01:00
600,3937699447,W32,139,5,1,16.0,,362,2024-01-04T13:08:46+01:00,2024-12-19T08:25:04+01:00
601,5587553922,M,3,0,0,20.0,,362,2025-01-02T12:09:54+01:00,2025-01-07T17:11:25+01:00
602,2601939010,M,105,3,0,25.0,,362,2023-01-18T13:33:45+01:00,2024-11-03T14:56:43+01:00
603,5596514154,M,67,6,0,20.0,,362,2025-01-03T23:25:22+01:00,2025-01-05T03:50:22+01:00
604,2930243951,M,113,9,1,23.0,,362,2023-04-21T20:13:06+02:00,2024-10-22T05:04:09+02:00
605,5634291164,S,3,0,0,25.0,,362,2025-01-11T13:21:58+01:00,2025-01-11T13:22:13+01:00
606,5292604851,XL,75,7,1,20.0,,362,2024-10-28T14:56:39+01:00,2024-12-04T01:38:58+01:00
607,3757281591,W36,160,4,1,20.0,,362,2023-11-14T01:31:07+01:00,2024-12-14T19:45:32+01:00
608,1008696480,L,266,5,1,15.0,,362,2021-04-04T11:58:24+02:00,2023-07-07T11:46:47+02:00
609,2919086531,M,128,8,1,20.0,,362,2023-04-18T16:59:04+02:00,2024-11-04T14:05:30+01:00
610,2675744722,M,971,57,32,30.0,,362,2023-02-09T17:58:08+01:00,2025-01-08T12:40:30+01:00
611,3097327933,S,385,27,7,25.0,,362,2023-06-04T12:51:33+02:00,2025-01-06T18:20:33+01:00
612,2989461234,L,67,4,1,20.0,,362,2023-05-07T12:32:15+02:00,2025-01-04T23:30:43+01:00
613,2021526228,L,255,10,5,19.99,,362,2022-07-08T19:34:08+02:00,2024-12-28T19:20:38+01:00
614,2021902538,M,72,3,0,20.0,,362,2022-07-08T23:06:50+02:00,2023-09-13T22:29:06+02:00
615,3538587808,W32,94,3,0,25.0,,362,2023-09-29T13:42:00+02:00,2025-01-03T23:20:35+01:00
616,2888726253,S,257,11,6,20.0,,362,2023-04-10T22:46:39+02:00,2024-10-30T09:05:14+01:00
617,1732292067,M,112,3,3,20.0,,362,2022-03-31T19:18:52+02:00,2024-11-07T09:05:11+01:00
618,4849657120,S,86,7,3,24.99,,362,2024-08-05T12:59:43+02:00,2025-01-01T15:49:47+01:00
619,841612465,L,259,3,1,15.0,,362,2021-01-12T20:50:47+01:00,2025-01-01T19:30:37+01:00
620,4613273160,W32,68,2,2,15.0,,362,2024-06-08T12:00:33+02:00,2024-12-12T21:32:58+01:00
621,4050266476,W32,282,21,7,65.0,,362,2024-02-01T18:28:45+01:00,2025-01-12T05:30:02+01:00
622,3334052339,M,205,17,5,40.0,,362,2023-08-09T21:43:35+02:00,2025-01-09T11:50:33+01:00
623,2267982117,S,377,4,1,20.0,,362,2022-10-02T17:51:54+02:00,2025-01-08T20:24:04+01:00
624,3346787785,W32,215,14,7,29.5,,362,2023-08-13T18:00:23+02:00,2024-12-24T13:56:31+01:00
625,4052990230,S,114,7,3,20.0,,362,2024-02-02T15:31:02+01:00,2024-12-05T00:05:30+01:00
626,2458953368,L,318,8,8,25.0,,362,2022-11-27T03:54:29+01:00,2024-09-14T22:20:25+02:00
627,3001540952,L,589,18,7,15.0,,362,2023-05-09T20:27:11+02:00,2024-10-21T07:55:05+02:00
628,3552414784,L,110,5,2,10.0,,362,2023-10-02T12:59:47+02:00,2024-09-08T23:25:21+02:00
629,2198345220,M,600,5,1,23.0,,362,2022-09-14T13:25:34+02:00,2024-09-08T21:05:44+02:00
630,4289042747,W25,25,3,1,25.0,,362,2024-03-29T16:44:59+01:00,2024-12-11T17:15:13+01:00
631,5599630382,W30,14,1,1,25.0,,362,2025-01-04T16:04:43+01:00,2025-01-08T12:00:19+01:00
632,3089541887,S,62,5,0,20.0,,362,2023-06-02T09:34:20+02:00,2024-08-10T03:45:03+02:00
633,2453770080,M,109,3,1,20.0,,362,2022-11-25T11:50:33+01:00,2024-03-24T08:45:09+01:00
634,1370619375,M,62,4,1,20.0,,362,2021-10-12T20:24:52+02:00,2023-07-07T05:36:21+02:00
635,5578338057,W33,28,2,0,53.0,,362,2024-12-30T15:39:54+01:00,2025-01-07T01:35:15+01:00
636,4377251554,L,210,6,2,35.0,,362,2024-04-17T14:43:34+02:00,2024-12-25T21:30:12+01:00
637,2065414234,S,190,6,3,20.0,,362,2022-07-28T14:14:26+02:00,2024-12-14T21:25:24+01:00
638,5594347778,W32,57,5,3,105.0,,362,2025-01-03T16:20:24+01:00,2025-01-12T18:33:01+01:00
639,1188309543,S,145,5,1,20.0,,362,2021-06-26T16:30:19+02:00,2024-09-23T11:45:18+02:00
640,2369636635,S,98,3,1,20.0,,362,2022-11-01T11:10:09+01:00,2024-01-29T09:48:39+01:00
641,2034981577,L,574,29,7,40.0,,362,2022-07-14T17:17:13+02:00,2025-01-08T03:20:05+01:00
642,2306572293,M,99,5,2,25.0,,362,2022-10-13T13:00:32+02:00,2024-12-06T10:30:13+01:00
643,2693512034,M,273,8,3,29.0,,362,2023-02-15T13:00:22+01:00,2024-01-04T00:35:07+01:00
644,1506584060,S,142,3,1,13.0,,362,2021-12-12T22:26:05+01:00,2024-06-29T20:40:15+02:00
645,2019251460,L,96,5,3,20.0,,362,2022-07-07T18:53:48+02:00,2025-01-05T23:04:14+01:00
646,692987169,M,261,5,1,22.0,,362,2020-10-15T16:40:13+02:00,2023-07-28T22:50:14+02:00
647,3699978760,W27,148,9,1,25.0,,362,2023-11-02T13:26:25+01:00,2024-12-16T04:35:03+01:00
648,1098654434,L,192,3,1,20.0,,362,2021-05-09T16:10:43+02:00,2024-08-22T20:30:31+02:00
649,1259554602,M,374,5,0,20.0,,362,2021-08-16T17:19:37+02:00,2025-01-02T19:30:31+01:00
650,745914104,S,254,6,1,20.0,,362,2020-09-29T20:56:27+02:00,2023-07-07T16:31:26+02:00
651,852996106,M,1063,56,9,25.0,,362,2021-01-18T22:17:48+01:00,2025-01-09T20:15:23+01:00
652,5398446375,W30,95,11,3,38.0,,362,2024-11-17T16:07:30+01:00,2025-01-09T22:13:26+01:00
653,3539985631,W30,35,4,0,25.0,,362,2023-09-29T18:46:39+02:00,2025-01-05T23:35:33+01:00
654,3805677299,M,88,9,5,20.0,,362,2023-11-25T11:04:22+01:00,2024-12-19T22:55:13+01:00
655,4174642276,W31,99,10,3,30.0,,362,2024-03-03T12:17:36+01:00,2025-01-07T09:50:19+01:00
656,2427060066,M,1517,24,6,40.0,,362,2022-11-17T13:57:39+01:00,2025-01-10T20:35:44+01:00
657,4150835131,W31,56,8,3,26.0,,362,2024-02-26T14:28:16+01:00,2024-10-26T12:25:19+02:00
658,4329873947,W28,114,8,2,20.0,,362,2024-04-07T16:26:24+02:00,2024-11-06T20:15:47+01:00
659,1802479985,S,168,6,1,19.0,,362,2022-05-01T20:04:56+02:00,2024-11-25T03:55:13+01:00
660,3824554660,W29,93,3,0,25.0,,362,2023-11-29T13:12:01+01:00,2024-12-29T18:55:49+01:00
661,2079229938,L,275,10,8,40.0,,362,2022-08-03T14:36:55+02:00,2025-01-08T03:20:05+01:00
662,5614509807,W33,17,0,0,30.0,,362,2025-01-07T00:33:32+01:00,2025-01-07T00:33:34+01:00
663,1189850617,M,455,18,4,29.0,,362,2021-06-27T16:10:25+02:00,2024-11-15T10:10:25+01:00
664,3456423949,W29,175,6,2,20.0,,362,2023-09-10T16:21:35+02:00,2024-12-14T08:05:13+01:00
665,4924755327,W27,48,3,0,25.0,,362,2024-08-22T23:14:14+02:00,2024-12-15T12:35:20+01:00
666,2114686351,M,378,12,2,26.5,,362,2022-08-18T15:40:36+02:00,2024-11-16T10:40:28+01:00
667,4961452823,W33,47,7,4,29.0,,362,2024-08-30T15:11:38+02:00,2024-10-24T02:05:18+02:00
668,4937545084,M,22,3,0,25.0,,362,2024-08-25T17:31:40+02:00,2024-11-08T21:35:48+01:00
669,891651542,M,102,4,0,17.5,,362,2021-02-07T19:52:12+01:00,2024-07-13T18:30:13+02:00
670,3943803244,W50,272,10,2,28.0,,362,2024-01-05T21:17:13+01:00,2024-12-23T08:30:08+01:00
671,5640798428,W33,18,3,1,65.0,,362,2025-01-12T14:09:51+01:00,2025-01-12T15:01:16+01:00
672,2762575059,M,177,4,2,17.5,,362,2023-03-07T13:59:14+01:00,2024-10-16T12:20:41+02:00
673,2795929267,XS,88,3,0,20.0,,362,2023-03-16T16:58:28+01:00,2024-11-05T22:05:34+01:00
674,5491400349,L,263,19,4,30.0,,362,2024-12-06T16:29:42+01:00,2025-01-05T03:05:21+01:00
675,2705079574,L,189,13,4,30.0,,362,2023-02-19T08:17:56+01:00,2024-12-25T10:10:08+01:00
676,5619575536,W32,5,0,0,30.0,,362,2025-01-08T10:35:53+01:00,2025-01-08T20:31:40+01:00
677,4861109910,W32,137,17,5,25.0,,362,2024-08-07T22:43:07+02:00,2024-11-25T05:35:08+01:00
678,4406144727,W36,119,7,1,30.0,,362,2024-04-23T13:32:33+02:00,2024-12-14T17:35:40+01:00
679,3507868779,W36,102,4,0,25.0,,362,2023-09-22T18:50:48+02:00,2024-03-20T14:15:08+01:00
680,2499174611,M,497,37,15,25.0,,362,2022-12-10T13:01:40+01:00,2025-01-08T16:50:50+01:00
681,5199373462,L,131,3,1,25.0,,362,2024-10-11T19:45:44+02:00,2024-10-17T01:00:12+02:00
682,4226195523,W31,48,3,2,25.0,,362,2024-03-15T15:09:36+01:00,2024-04-29T15:40:34+02:00
683,1691178280,S,185,5,2,20.0,,362,2022-03-13T09:43:42+00:00,2024-12-26T21:15:15+00:00
684,3494032885,W30,98,6,2,23.0,,362,2023-09-19T15:09:36+02:00,2024-11-24T10:55:46+01:00
685,5105697899,W31,153,22,6,50.0,,362,2024-09-25T14:59:35+02:00,2025-01-11T01:30:27+01:00
686,5604545265,W33,24,1,1,40.0,,362,2025-01-05T13:56:56+01:00,2025-01-08T15:35:38+01:00
687,5527983202,W32,145,17,2,120.0,,362,2024-12-15T09:08:27+01:00,2025-01-12T02:55:22+01:00
688,4111044750,W31,455,23,9,35.0,,362,2024-02-17T14:13:00+01:00,2025-01-07T18:55:10+01:00
689,5311438129,W33,47,9,0,40.0,,362,2024-11-01T14:15:43+01:00,2025-01-10T17:28:14+01:00
690,5630510049,W40,29,2,0,150.0,,362,2025-01-10T16:00:48+01:00,2025-01-11T00:20:22+01:00
691,5482684632,W33,148,10,5,65.0,,362,2024-12-04T15:11:14+01:00,2025-01-08T20:25:33+01:00
692,1324610675,XL,423,16,5,25.0,,362,2021-09-21T14:03:07+02:00,2025-01-06T13:45:23+01:00
693,1686378821,M,772,29,3,20.0,,362,2022-03-10T21:05:20+01:00,2024-12-23T19:35:06+01:00
694,2127160379,S,183,8,2,25.0,,362,2022-08-22T20:10:38+02:00,2024-12-25T00:10:10+01:00
695,4924760559,W29,35,3,4,25.0,,362,2024-08-22T23:16:37+02:00,2024-10-24T22:59:34+02:00
696,5615898568,W34,7,1,1,35.0,,362,2025-01-07T13:32:53+01:00,2025-01-08T03:10:02+01:00
697,5600325770,S,17,2,2,40.0,,362,2025-01-04T17:30:55+01:00,2025-01-12T17:31:13+01:00
698,3072200550,M,291,13,8,25.0,,362,2023-05-28T19:14:43+02:00,2024-12-30T01:15:28+01:00
699,779386778,L,260,8,2,20.0,,362,2020-07-20T23:28:42+02:00,2024-10-21T09:27:52+02:00
700,1404860788,M,184,6,0,35.0,,362,2021-10-28T13:58:20+02:00,2025-01-05T10:15:11+01:00
701,1615909949,XL,164,8,1,25.0,,362,2022-02-06T20:44:46+01:00,2025-01-08T20:10:37+01:00
702,3694518684,W31,84,3,0,25.0,,362,2023-11-01T12:34:44+01:00,2024-12-14T09:05:17+01:00
703,5053354296,W28,456,30,12,45.0,,362,2024-09-16T10:04:46+02:00,2025-01-04T20:45:18+01:00
704,1044425538,M,589,4,1,25.0,,362,2021-04-17T12:09:59+02:00,2024-12-26T18:35:39+01:00
705,5241694230,M,200,18,4,45.0,,362,2024-10-19T13:46:44+02:00,2025-01-11T01:40:23+01:00
706,4217014899,W34,157,12,7,45.0,,362,2024-03-13T09:23:08+01:00,2025-01-10T20:55:07+01:00
707,3059462443,L,77,10,1,19.95,,362,2023-05-24T23:02:18+02:00,2024-12-07T14:35:13+01:00
708,5623937662,W33,16,3,2,40.0,,362,2025-01-09T09:00:02+01:00,2025-01-12T18:14:12+01:00
709,5152863064,W36,163,14,1,40.0,,362,2024-10-03T17:57:04+02:00,2024-12-21T15:15:19+01:00
710,5601049454,M,52,8,2,60.0,,362,2025-01-04T19:19:09+01:00,2025-01-12T16:45:32+01:00
711,2326218158,M,85,3,0,25.0,,362,2022-10-18T20:26:08+02:00,2024-04-07T21:35:29+02:00
712,2396607181,L,455,14,3,25.0,,362,2022-11-08T16:49:49+01:00,2024-12-20T15:20:10+01:00
713,4101498450,L,162,11,7,40.0,,362,2024-02-14T18:02:03+01:00,2025-01-11T22:00:22+01:00
714,1715277760,M,168,4,4,25.0,,362,2022-03-23T20:42:56+01:00,2024-10-16T10:03:57+02:00
715,1159509876,S,399,15,1,20.0,,362,2021-06-08T17:02:43+02:00,2024-09-23T02:15:13+02:00
716,5600493044,M,4,0,0,35.0,,362,2025-01-04T17:53:52+01:00,2025-01-04T17:53:57+01:00
717,1716417318,M,299,14,4,25.0,,362,2022-03-24T14:23:54+01:00,2024-10-29T13:05:32+01:00
718,4961427073,W33,46,9,2,29.0,,362,2024-08-30T15:07:11+02:00,2024-12-12T07:10:09+01:00
719,1440741872,M,313,16,3,25.0,,362,2021-11-13T14:46:27+01:00,2024-12-29T21:45:42+01:00
720,3574369337,W29,369,24,8,50.0,,362,2023-10-07T14:37:46+02:00,2025-01-09T20:55:13+01:00
721,3235777574,L,226,15,8,20.0,,362,2023-07-13T11:09:08+02:00,2024-12-05T18:35:47+01:00
722,1496684462,M,311,5,0,20.0,,362,2021-12-07T21:49:04+01:00,2023-12-05T04:35:03+01:00
723,5546088314,L,142,7,6,55.0,,362,2024-12-20T00:44:09+01:00,2025-01-11T17:37:03+01:00
724,4020438081,W36,274,8,1,30.0,,362,2024-01-25T09:48:04+01:00,2024-10-23T07:10:44+02:00
725,5606702908,W38,14,0,0,25.0,,362,2025-01-05T17:13:26+01:00,2025-01-06T20:06:03+01:00
726,2821141353,XS,194,4,0,25.0,,362,2023-03-23T15:07:40+01:00,2024-12-25T00:10:03+01:00
727,1554534893,L,174,5,4,25.0,,362,2022-01-10T14:46:18+01:00,2023-07-07T02:39:40+02:00
728,3736319955,W33,115,6,3,30.0,,362,2023-11-09T20:15:24+01:00,2025-01-04T14:45:33+01:00
729,5088733497,W34,80,7,0,30.0,,362,2024-09-22T16:28:51+02:00,2024-11-01T12:15:31+01:00
730,3613285081,W31,101,4,5,30.0,,362,2023-10-15T16:51:02+02:00,2024-12-15T19:15:18+01:00
731,1928062647,M,942,14,6,35.0,,362,2022-06-01T17:40:59+02:00,2025-01-04T22:35:13+01:00
732,4483844298,W34,117,9,4,40.0,,362,2024-05-10T12:55:02+02:00,2024-12-12T08:40:07+01:00
733,3298141485,L,187,15,4,30.0,,362,2023-07-31T16:52:45+02:00,2024-11-08T20:20:12+01:00
734,5612841092,W31,20,2,0,42.0,,362,2025-01-06T18:14:16+01:00,2025-01-08T21:50:40+01:00
735,2877567189,S,68,4,2,25.0,,362,2023-04-07T19:21:51+02:00,2024-03-04T11:25:08+01:00
736,4342946672,W32,176,6,1,35.0,,362,2024-04-10T10:52:19+02:00,2024-11-08T20:20:11+01:00
737,2331383148,L,336,10,2,35.0,,362,2022-10-20T15:04:45+02:00,2025-01-01T19:30:43+01:00
738,1384374308,S,84,5,2,20.0,,362,2021-10-18T19:23:42+02:00,2024-12-22T21:32:24+01:00
739,3784502143,W31,146,12,6,39.0,,362,2023-11-19T23:50:19+01:00,2025-01-10T13:45:38+01:00
740,4136727297,W28,31,4,2,20.0,,362,2024-02-23T14:11:50+01:00,2024-09-23T17:10:12+02:00
741,3452334269,W27,102,6,1,28.0,,362,2023-09-09T15:45:21+02:00,2024-10-20T14:10:30+02:00
742,3879559597,W27,80,8,0,40.0,,362,2023-12-13T18:30:50+01:00,2024-12-26T23:00:40+01:00
743,2793489529,M,372,17,12,30.0,,362,2023-03-15T20:51:16+01:00,2024-12-05T00:25:15+01:00
744,2956048831,S,100,6,4,25.0,,362,2023-04-28T16:19:45+02:00,2024-10-28T22:10:16+01:00
745,4240441292,W31,100,5,4,20.0,,362,2024-03-18T14:34:44+01:00,2024-11-07T14:06:57+01:00
746,3226468305,W29,138,8,4,29.0,,362,2023-07-10T14:45:11+02:00,2024-12-18T19:50:36+01:00
747,2243590760,L,138,3,3,20.0,,362,2022-09-26T12:57:47+02:00,2024-11-19T01:40:28+01:00
748,1786578457,M,877,22,6,40.0,,362,2022-04-24T20:44:28+02:00,2025-01-05T12:10:44+01:00
749,3357647685,XXL,252,18,7,30.0,,362,2023-08-16T17:00:51+02:00,2024-12-13T01:25:16+01:00
750,2711846267,S,143,4,3,25.0,,362,2023-02-20T19:08:00+01:00,2024-09-16T02:10:19+02:00
751,3748294064,W31,162,9,2,29.0,,362,2023-11-12T13:58:13+01:00,2024-12-15T11:45:12+01:00
752,1222835229,L,387,6,2,25.0,,362,2021-07-20T18:37:49+02:00,2024-09-22T11:35:55+02:00
753,2717037945,M,330,13,5,38.0,,362,2023-02-22T13:50:58+01:00,2025-01-08T21:35:57+01:00
754,3108880818,S,324,12,0,38.0,,362,2023-06-07T09:58:55+02:00,2025-01-11T15:20:48+01:00
755,4660634242,W32,57,6,2,40.0,,362,2024-06-18T22:35:31+02:00,2025-01-04T04:00:05+01:00
756,3547193663,W29,188,9,7,40.0,,362,2023-10-01T13:29:40+02:00,2025-01-12T11:30:42+01:00
757,2252576967,S,369,19,12,20.0,,362,2022-09-28T17:48:33+02:00,2024-12-19T02:20:49+01:00
758,878208151,M,285,4,0,20.0,,362,2021-02-01T08:28:49+01:00,2024-04-01T12:25:26+02:00
759,720595739,L,189,4,0,22.0,,362,2018-04-11T12:41:43+02:00,2024-11-14T09:30:29+01:00
760,1657082912,L,349,13,3,25.0,,362,2022-02-25T00:00:56+01:00,2025-01-02T22:16:04+01:00
761,711151872,M,363,13,4,29.0,,362,2019-12-05T09:17:49+01:00,2024-12-05T00:25:14+01:00
762,3933657054,S,161,9,3,40.0,,362,2024-01-03T12:58:47+01:00,2024-12-18T19:25:24+01:00
763,2201841077,M,335,7,3,35.0,,362,2022-09-15T13:46:36+02:00,2025-01-06T16:10:31+01:00
764,1923184624,L,168,5,0,25.0,,362,2022-05-30T22:57:27+02:00,2025-01-07T14:55:54+01:00
765,4743418262,W30,389,28,7,50.0,,362,2024-07-09T14:12:40+02:00,2025-01-10T00:45:28+01:00
766,1250542574,L,303,4,3,25.0,,362,2021-08-09T20:44:08+02:00,2024-11-17T19:20:27+01:00
767,3574331820,W29,257,21,9,50.0,,362,2023-10-07T14:32:03+02:00,2025-01-12T07:50:02+01:00
768,3745971431,W32,96,8,2,50.0,,362,2023-11-12T00:03:42+01:00,2025-01-09T16:50:14+01:00
769,5613578081,M,17,0,1,50.0,,362,2025-01-06T20:20:01+01:00,2025-01-08T15:40:33+01:00
770,2824772006,XL,269,13,11,20.0,,362,2023-03-24T16:13:55+01:00,2024-12-25T23:45:18+01:00
771,3946777025,S,213,8,3,40.0,,362,2024-01-06T16:47:14+01:00,2024-12-29T22:20:11+01:00
772,1966041611,M,459,14,4,35.0,,362,2022-06-15T16:32:45+02:00,2024-11-04T22:20:28+01:00
773,5307043878,XL,194,7,2,35.0,,362,2024-10-31T13:49:38+01:00,2025-01-11T08:44:29+01:00
774,955645784,L,359,6,2,20.0,,362,2021-03-11T19:06:58+01:00,2024-11-30T15:11:01+01:00
775,4571546275,W28,74,5,3,35.0,,362,2024-05-29T17:19:46+02:00,2024-12-29T12:45:33+01:00
776,3558577004,W32,368,15,10,40.0,,362,2023-10-03T18:28:00+02:00,2025-01-02T23:35:38+01:00
777,2961853007,L,217,6,1,25.0,,362,2023-04-30T12:00:05+02:00,2024-12-16T21:35:34+01:00
778,3400013353,W31,344,15,9,32.0,,362,2023-08-27T21:34:24+02:00,2025-01-04T02:20:13+01:00
779,1746762656,M,261,10,1,30.0,,362,2022-04-06T23:00:26+02:00,2024-11-11T22:07:38+01:00
780,2812252793,M,158,11,1,25.0,,362,2023-03-20T23:22:26+01:00,2024-12-02T12:45:09+01:00
781,4535649528,W30,114,15,2,40.0,,362,2024-05-21T16:40:42+02:00,2025-01-04T17:30:31+01:00
782,1603798773,M,244,11,3,25.0,,362,2022-02-01T16:08:34+01:00,2025-01-04T23:30:44+01:00
783,3815166039,L,139,9,11,27.0,,362,2023-11-27T07:49:31+01:00,2025-01-11T09:48:53+01:00
784,3557293354,M,237,11,2,50.0,,362,2023-10-03T14:34:46+02:00,2025-01-09T10:45:22+01:00
785,2702328010,XL,379,17,8,49.0,,362,2023-02-18T12:08:38+01:00,2025-01-12T00:45:21+01:00
786,3387070506,M,181,8,4,35.0,,362,2023-08-24T19:32:59+02:00,2024-11-13T10:45:31+01:00
787,4235350963,W38,81,8,1,30.0,,362,2024-03-17T15:04:09+01:00,2024-12-13T08:40:19+01:00
788,2892266843,L,288,17,8,35.0,,362,2023-04-11T21:22:07+02:00,2025-01-08T22:15:49+01:00
789,3931080751,W31,139,9,6,55.0,,362,2024-01-02T17:29:53+01:00,2025-01-06T05:00:21+01:00
790,5609307407,W30,217,7,4,119.0,,362,2025-01-06T02:40:27+01:00,2025-01-11T11:25:25+01:00
791,5643042804,L,15,0,0,99.0,,362,2025-01-12T17:38:48+01:00,2025-01-12T17:41:16+01:00
792,4595933321,L,346,20,21,39.99,,362,2024-06-03T22:39:01+02:00,2025-01-06T00:49:21+01:00
793,4967553391,W34,87,9,4,40.0,,362,2024-08-31T19:41:09+02:00,2025-01-11T01:15:26+01:00
794,3562772766,W33,137,4,3,25.0,,362,2023-10-04T17:47:35+02:00,2024-02-02T00:30:19+01:00
795,2977104082,L,56,4,2,25.0,,362,2023-05-03T20:02:18+02:00,2024-03-23T11:15:16+01:00
796,5609198338,M,22,0,0,40.0,,362,2025-01-06T00:27:02+01:00,2025-01-10T22:05:18+01:00
797,2507460287,L,395,11,2,35.0,,362,2022-12-13T06:59:05+01:00,2024-12-14T21:08:44+01:00
798,5612848734,W31,17,2,0,41.0,,362,2025-01-06T18:15:26+01:00,2025-01-11T16:05:46+01:00
799,3316365500,W33,108,6,3,40.0,,362,2023-08-05T15:18:53+02:00,2025-01-12T11:03:35+01:00
800,2075265409,L,565,18,7,30.0,,362,2022-08-01T18:29:26+02:00,2024-12-05T19:55:22+01:00
801,5428823392,XS,70,9,10,60.0,,362,2024-11-23T15:03:29+01:00,2025-01-11T23:44:31+01:00
802,3238328550,W34,218,8,3,35.0,,362,2023-07-13T23:28:40+02:00,2025-01-06T11:40:28+01:00
803,901860907,M,852,16,3,50.0,,362,2021-02-13T15:35:43+01:00,2025-01-06T16:55:27+01:00
804,5623127572,L,14,0,0,25.0,,362,2025-01-08T21:27:10+01:00,2025-01-08T21:27:13+01:00
805,5642714607,S,6,0,0,110.0,,362,2025-01-12T17:06:36+01:00,2025-01-12T17:07:07+01:00
806,856262545,M,371,16,0,45.0,,362,2021-01-20T20:25:30+01:00,2025-01-10T20:50:17+01:00
807,3786381754,XS,58,9,0,25.0,,362,2023-11-20T14:46:21+01:00,2024-12-15T23:30:25+01:00
808,3093487750,M,132,7,5,35.0,,362,2023-06-03T12:03:33+02:00,2024-10-02T18:55:10+02:00
809,2612599292,M,286,6,6,35.0,,362,2023-01-21T12:08:59-07:00,2024-12-21T23:05:10-07:00
810,3319359619,L,248,15,4,40.0,,362,2023-08-06T12:25:09+02:00,2025-01-04T17:57:45+01:00
811,5635710118,L,4,0,0,40.0,,362,2025-01-11T16:13:02+01:00,2025-01-11T16:13:05+01:00
812,3898583326,W32,281,15,8,40.0,,362,2023-12-20T13:31:25+01:00,2025-01-05T13:30:41+01:00
813,4187690015,W32,90,6,0,40.0,,362,2024-03-06T09:45:40+01:00,2024-10-16T09:45:26+02:00
814,5610980828,L,29,1,0,55.0,,362,2025-01-06T13:52:52+01:00,2025-01-10T13:55:25+01:00
815,5604882158,W40,13,1,0,40.0,,362,2025-01-05T14:28:58+01:00,2025-01-06T00:20:27+01:00
816,5096772272,W42,160,12,4,35.0,,362,2024-09-23T20:06:24+02:00,2024-12-02T06:05:05+01:00
817,1121033517,M,145,6,1,35.0,,362,2021-05-19T13:30:25+02:00,2024-04-17T19:54:55+02:00
818,983335671,M,2032,49,2,35.0,,362,2021-03-24T15:37:23+01:00,2024-12-28T01:15:24+01:00
819,3611785889,W36,316,25,6,45.0,,362,2023-10-15T14:09:13+02:00,2024-11-26T17:00:39+01:00
820,3626141734,W34,231,13,4,45.0,,362,2023-10-18T10:40:20+02:00,2024-12-28T17:40:40+01:00
821,5604865423,W40,7,1,1,40.0,,362,2025-01-05T14:27:25+01:00,2025-01-06T10:43:18+01:00
822,5467204854,S,51,12,3,35.0,,362,2024-12-01T12:55:45+01:00,2024-12-31T14:20:18+01:00
823,838434411,L,321,4,1,25.0,,362,2020-05-09T21:28:29+02:00,2024-12-01T11:00:25+01:00
824,5629577185,W30,4,1,0,45.0,,362,2025-01-10T13:19:13+01:00,2025-01-10T14:00:52+01:00
825,761527924,S,489,4,0,29.0,,362,2017-09-25T20:08:09+02:00,2023-07-07T16:14:36+02:00
826,3558969528,W36,101,7,5,35.0,,362,2023-10-03T19:44:25+02:00,2024-07-01T14:47:23+02:00
827,3512894724,W31,82,4,2,25.0,,362,2023-09-23T19:52:41+02:00,2023-10-21T17:10:24+02:00
828,1923189841,L,1002,45,22,35.0,,362,2022-05-30T23:00:01+02:00,2025-01-04T20:15:47+01:00
829,5622264477,M,3,0,0,35.0,,362,2025-01-08T18:37:55+01:00,2025-01-08T18:38:02+01:00
830,5612180448,W33,24,0,0,40.0,,362,2025-01-06T16:34:56+01:00,2025-01-09T20:40:01+01:00
831,5624714381,W31,6,0,0,40.0,,362,2025-01-09T12:16:17+01:00,2025-01-09T21:37:55+01:00
832,1295380409,XL,359,7,5,30.0,,362,2021-09-05T15:28:32+02:00,2024-11-13T05:48:36+01:00
833,1705987456,M,280,10,1,35.0,,362,2022-03-19T19:37:41+01:00,2025-01-09T13:55:17+01:00
834,2015932109,W29,257,12,6,40.0,,362,2022-07-06T13:52:01+02:00,2025-01-04T11:19:35+01:00
835,2830943812,L,141,7,6,35.0,,362,2023-03-26T12:03:45+02:00,2025-01-08T14:45:08+01:00
836,5095228478,W30,85,7,3,40.0,,362,2024-09-23T16:21:39+02:00,2024-12-16T19:20:23+01:00
837,2628687120,XL,924,38,5,30.0,,362,2023-01-26T17:51:02+01:00,2024-12-02T02:15:09+01:00
838,1372618319,M,123,6,2,35.0,,362,2021-10-13T17:42:33+02:00,2023-10-12T02:40:03+02:00
839,5563686069,W31,55,4,4,70.0,,362,2024-12-27T02:39:23+01:00,2025-01-12T17:21:51+01:00
840,3011450176,S,238,19,3,35.0,,362,2023-05-12T15:33:07+02:00,2025-01-01T11:45:22+01:00
841,4155802065,W34,87,9,3,52.0,,362,2024-02-27T16:51:29+01:00,2024-12-17T08:36:59+01:00
842,5609002211,S,15,1,1,55.0,,362,2025-01-05T23:00:23+01:00,2025-01-07T23:42:10+01:00
843,5620112144,M,6,0,0,50.0,,362,2025-01-08T12:26:01+01:00,2025-01-08T12:26:12+01:00
844,5598950611,M,8,0,0,50.0,,362,2025-01-04T14:47:51+01:00,2025-01-04T15:18:09+01:00
845,2554964841,L,585,27,7,50.0,,362,2023-01-03T19:05:06+01:00,2025-01-11T10:25:19+01:00
846,3424126998,S,483,46,19,40.0,,362,2023-09-02T12:24:23+02:00,2025-01-12T03:20:12+01:00
847,1240654801,M,217,10,0,30.0,,362,2021-08-03T11:07:56+02:00,2025-01-11T11:10:29+01:00
848,891417212,M,123,7,1,35.0,,362,2021-02-07T18:40:24+01:00,2024-10-15T09:27:52+02:00
849,784271072,L,367,3,0,20.0,,362,2020-11-10T22:26:00+01:00,2024-01-26T08:00:03+01:00
850,5601525245,W32,12,1,0,60.0,,362,2025-01-04T20:48:57+01:00,2025-01-05T04:00:20+01:00
851,775982092,S,693,6,2,35.0,,362,2020-12-01T17:20:43+01:00,2024-10-15T04:59:21+02:00
852,1937601583,S,194,6,0,35.0,,362,2022-06-05T14:26:43+02:00,2023-08-25T10:50:18+02:00
853,3776955507,W27,262,12,12,35.0,,362,2023-11-18T18:06:17+01:00,2024-12-15T21:55:20+01:00
854,3460122840,W33,312,16,4,55.0,,362,2023-09-11T14:42:48+02:00,2025-01-04T21:50:50+01:00
855,2435285776,S,458,10,7,40.0,,362,2022-11-19T22:26:14+01:00,2024-12-14T16:45:12+01:00
856,2218810258,XL,64,3,2,39.0,,362,2022-09-19T19:23:25+02:00,2024-12-29T21:48:32+01:00
857,2234394479,S,298,9,2,45.0,,362,2022-09-24T13:18:32+02:00,2024-12-19T14:20:22+01:00
858,3799065214,W32,96,11,6,55.0,,362,2023-11-23T14:21:11+01:00,2024-12-12T02:50:07+01:00
859,1927252049,M,202,11,5,40.0,,362,2022-06-01T14:01:43+02:00,2024-09-10T00:10:16+02:00
860,5533642355,W34,140,5,0,125.0,,362,2024-12-16T13:34:04+01:00,2025-01-04T19:40:50+01:00
861,4603457960,L,270,26,7,50.0,,362,2024-06-05T18:49:19+02:00,2024-12-21T13:00:19+01:00
862,4978274659,W28,700,40,30,110.0,,362,2024-09-02T19:34:38+02:00,2025-01-09T14:20:45+01:00
863,1058790561,S,652,28,2,48.0,,362,2021-04-22T19:20:41+02:00,2025-01-03T13:55:18+01:00
864,1100901310,XL,309,10,0,40.0,,362,2021-05-10T16:02:32+02:00,2024-10-16T22:00:45+02:00
865,2584959750,L,1122,9,5,39.0,,362,2023-01-13T14:16:39+01:00,2024-12-04T17:25:08+01:00
866,2093716359,XL,591,14,14,35.0,,362,2022-08-09T19:23:18+02:00,2025-01-09T14:50:33+01:00
867,2178540210,M,160,7,4,35.0,,362,2022-09-08T15:59:50+02:00,2025-01-11T22:55:54+01:00
868,2890177590,XL,173,10,3,35.0,,362,2023-04-11T14:05:46+02:00,2024-12-11T00:20:13+01:00
869,2693987973,L,379,15,4,45.0,,362,2023-02-15T15:03:31+01:00,2024-12-16T01:45:20+01:00
870,1532962700,L,605,20,2,60.0,,362,2021-12-30T22:12:21+01:00,2025-01-03T09:58:16+01:00
871,2873453868,L,307,10,1,45.0,,362,2023-04-06T15:16:46+02:00,2024-12-30T02:18:31+01:00
872,2518116831,M,1155,69,21,68.0,,362,2022-12-17T11:10:50+01:00,2024-11-20T21:00:13+01:00
873,5561657767,W30,45,4,3,200.0,,362,2024-12-26T14:13:21+01:00,2025-01-09T18:35:39+01:00
874,3099844634,L,258,7,1,50.0,,362,2023-06-04T20:24:04+02:00,2024-10-31T16:05:40+01:00
875,871107348,S,389,9,0,40.0,,362,2021-01-28T18:07:54+01:00,2024-05-06T02:25:06+02:00
876,5481372301,W38,100,10,1,199.0,,362,2024-12-04T11:00:44+01:00,2025-01-12T14:30:32+01:00
877,4674919932,M,414,26,14,105.0,,362,2024-06-22T18:38:24+02:00,2025-01-10T17:45:46+01:00
878,5055856852,W31,4,1,0,85.0,,362,2024-09-16T16:14:38+02:00,2025-01-12T13:55:20+01:00
879,1289980459,XL,1029,24,5,40.0,,362,2021-09-02T13:24:15+02:00,2024-12-03T21:46:05+01:00
880,1342985156,L,503,13,6,55.0,,362,2021-09-30T18:10:27+02:00,2025-01-02T01:40:19+01:00
881,5538603411,W38,116,12,1,125.0,,362,2024-12-17T17:20:21+00:00,2024-12-29T11:56:44+00:00
882,5262004279,W30,202,7,0,115.0,,362,2024-10-22T18:24:54+02:00,2025-01-12T13:10:39+01:00
883,1584834404,XXL,457,18,7,45.0,,362,2022-01-24T09:19:33+01:00,2024-12-28T18:35:35+01:00
884,2258331688,S,272,10,3,50.0,,362,2022-09-30T13:28:20+02:00,2024-12-15T10:05:34+01:00
885,1999131147,L,631,16,4,70.0,,362,2022-06-29T12:23:56+02:00,2025-01-07T23:41:06+01:00
886,5584332483,W31,27,1,1,130.0,,362,2025-01-01T15:08:19+01:00,2025-01-07T20:38:09+01:00
887,1654399253,M,611,28,3,50.0,,362,2022-02-23T17:16:03+01:00,2025-01-03T13:55:35+01:00
888,4572687026,W32,82,3,4,110.0,,362,2024-05-29T20:59:44+02:00,2025-01-05T23:15:40+01:00
889,1306107106,XL,324,11,0,40.0,,362,2021-09-11T20:29:43+02:00,2024-02-29T00:30:18+01:00
890,2040584963,XL,462,21,13,45.0,,362,2022-07-17T13:40:23+02:00,2024-12-24T16:35:09+01:00
891,3656602150,L,529,36,6,120.0,,362,2023-10-24T09:14:00+02:00,2025-01-10T02:25:19+01:00
892,4899576287,M,30,4,4,120.0,,362,2024-08-17T19:36:52+02:00,2025-01-08T18:24:16+01:00
893,5438552265,W32,54,6,1,119.0,,362,2024-11-24T22:58:28+01:00,2025-01-10T18:45:42+01:00
894,5261717680,W29,40,3,1,120.0,,362,2024-10-22T17:40:39+02:00,2025-01-02T01:05:14+01:00
895,5529236953,W36,41,1,0,115.0,,362,2024-12-15T13:19:23+01:00,2025-01-10T18:55:10+01:00
896,4065393144,W30,150,10,2,120.0,,362,2024-02-05T12:57:01+01:00,2025-01-10T13:30:25+01:00
897,3873998015,L,87,4,1,109.99,,362,2023-12-12T08:29:17+01:00,2025-01-07T17:50:41+01:00
898,4280676389,L,35,0,0,110.0,,362,2024-03-27T15:51:20+01:00,2024-03-27T15:51:26+01:00
899,5640518793,S,0,0,0,120.0,,362,2025-01-12T13:41:47+01:00,2025-01-12T13:41:51+01:00
900,1342992492,L,527,10,4,60.0,,362,2021-09-30T18:13:44+02:00,2024-12-15T01:15:25+01:00
901,4988477843,W30,380,8,5,130.0,,362,2024-09-04T21:27:27+02:00,2025-01-04T14:00:47+01:00
902,4903262895,W32,200,9,6,200.0,,362,2024-08-18T16:34:12+02:00,2025-01-12T18:47:07+01:00
903,5056843220,XS,63,6,3,104.99,,362,2024-09-16T18:30:39+02:00,2025-01-04T19:31:16+01:00
904,3658281605,W23,33,1,0,105.0,,362,2023-10-24T14:52:15+02:00,2024-10-22T12:35:40+02:00
905,4937138641,W30,19,1,0,110.0,,362,2024-08-25T16:43:49+02:00,2024-09-23T03:30:11+02:00
906,5066719982,W32,14,0,0,120.0,,362,2024-09-18T16:06:55+02:00,2024-09-18T16:06:59+02:00
907,5239070769,W38,35,1,0,110.0,,362,2024-10-18T20:55:26+02:00,2024-10-19T00:55:23+02:00
908,4049792840,W32,537,21,11,105.0,,362,2024-02-01T16:39:45+01:00,2024-12-29T13:10:29+01:00
909,4243455195,W32,13,0,0,120.0,,362,2024-03-19T09:58:27+01:00,2024-03-19T09:58:30+01:00
910,5584286350,W31,28,1,1,130.0,,362,2025-01-01T14:59:48+01:00,2025-01-07T20:39:06+01:00
911,5500459488,M,18,2,0,150.0,,362,2024-12-08T15:24:59+01:00,2024-12-09T10:45:12+01:00
912,3682865628,W28,231,10,6,110.0,,362,2023-10-29T17:01:32+01:00,2025-01-12T15:53:12+01:00
913,4121280484,W32,291,12,7,110.0,,362,2024-02-19T16:03:43+01:00,2025-01-04T23:50:37+01:00
914,3446145784,M,160,3,0,110.0,,362,2023-09-07T17:25:22+02:00,2024-09-15T14:50:22+02:00
915,4004275032,M,60,0,1,105.0,,362,2024-01-21T11:53:19+01:00,2024-03-03T03:11:51+01:00
916,5357871370,W33,10,0,0,150.0,,362,2024-11-10T13:22:43+01:00,2025-01-10T00:15:14+01:00
917,5420496125,W34,52,19,0,144.95,,362,2024-11-21T18:15:14+01:00,2024-12-27T08:23:29+01:00
918,3482499436,W31,109,2,1,105.0,,362,2023-09-17T10:37:28+02:00,2024-11-06T02:10:16+01:00
919,5452395568,W33,6,0,0,135.0,,362,2024-11-27T21:25:38+01:00,2024-11-27T21:25:42+01:00
920,4435337698,XS,140,1,1,135.0,,362,2024-04-29T19:36:34+02:00,2024-10-15T09:04:23+02:00
921,5370128416,W46,12,21,0,124.95,,362,2024-11-12T10:54:04+01:00,2024-12-29T19:10:23+01:00
922,3802995921,W34,83,4,2,120.0,,362,2023-11-24T14:43:18+01:00,2024-12-03T20:05:15+01:00
923,3987288283,W28,452,26,38,119.0,,362,2024-01-16T19:05:12+01:00,2024-12-23T21:25:28+01:00
924,2421008314,M,823,38,5,135.0,,362,2022-11-15T16:07:22+01:00,2025-01-04T21:45:38+01:00
925,5380792630,W34,7,21,0,144.95,,362,2024-11-14T12:25:13+01:00,2024-12-27T08:23:28+01:00
926,4411785714,W32,344,12,18,200.0,,362,2024-04-24T17:05:32+02:00,2025-01-09T20:11:20+01:00
927,3198227722,S,53,1,1,130.0,,362,2023-07-02T14:43:29+02:00,2024-10-03T23:15:27+02:00
928,2622871862,L,77,1,1,120.0,,362,2023-01-24T18:50:43+01:00,2024-12-31T12:57:49+01:00
929,2321380145,M,261,6,1,125.0,,362,2022-10-17T13:45:16+02:00,2024-12-20T19:30:08+01:00
930,4669955548,W36,16,0,1,150.0,,362,2024-06-21T13:54:21+02:00,2024-07-13T23:41:36+02:00
931,4381695061,W32,505,63,2,150.0,,362,2024-04-18T14:29:57+02:00,2024-12-19T10:50:23+01:00
932,5359586019,W26,5,0,0,140.0,,362,2024-11-10T16:12:03+01:00,2024-11-10T16:12:06+01:00
933,4176460279,W36,103,6,2,125.0,,362,2024-03-03T16:22:12+01:00,2025-01-05T11:00:33+01:00
934,2754716130,S,46,0,1,110.0,,362,2023-03-05T13:47:07+01:00,2023-07-06T02:47:36+02:00
935,5194555689,W31,333,3,7,140.0,,362,2024-10-10T20:00:31+02:00,2025-01-02T16:15:44+01:00
936,5415025965,W42,50,21,0,144.95,,362,2024-11-20T16:26:41+01:00,2024-12-27T08:23:30+01:00
937,2390964388,L,471,12,2,125.0,,362,2022-11-06T21:33:07+01:00,2024-12-24T22:35:06+01:00
938,830550004,M,411,4,1,120.0,,362,2021-01-06T19:25:07+01:00,2024-09-13T12:20:08+02:00
939,4498368710,W36,101,1,1,155.0,,362,2024-05-13T16:50:41+02:00,2024-12-19T15:55:28+01:00
940,671087807,M,349,3,1,120.0,,362,2020-10-26T11:29:16+01:00,2024-07-15T10:49:03+02:00
941,3589952783,W38,73,0,1,115.0,,362,2023-10-10T15:30:58+02:00,2024-10-15T16:11:17+02:00
942,3711180378,S,19,1,1,120.0,,362,2023-11-04T17:25:50+01:00,2024-11-13T08:47:28+01:00
943,2822103795,L,775,42,7,160.0,,362,2023-03-23T18:52:48+01:00,2025-01-12T03:55:18+01:00
944,4053661282,W34,141,6,0,160.0,,362,2024-02-02T18:09:43+01:00,2025-01-02T09:45:04+01:00
945,3214179397,M,384,10,1,180.0,,362,2023-07-06T17:27:25+02:00,2025-01-07T02:15:17+01:00
946,3968130955,W23,207,4,3,200.0,,362,2024-01-12T09:28:09+01:00,2024-09-30T21:36:44+02:00
947,4701330005,XL,55,3,2,180.0,,362,2024-06-29T16:27:36+02:00,2024-11-26T18:35:11+01:00
948,4367036511,W36,80,0,0,200.0,,362,2024-04-15T12:59:40+02:00,2024-06-04T22:50:10+02:00
949,5311910454,W38,107,21,0,194.95,,362,2024-11-01T15:23:16+01:00,2024-12-27T08:23:27+01:00
950,2344286367,L,1022,25,4,180.0,,362,2022-10-24T10:52:32+02:00,2025-01-12T14:00:43+01:00
951,2947317289,M,228,4,4,185.0,,362,2023-04-26T03:11:21+02:00,2024-10-29T01:25:14+01:00
952,1450230436,M,482,5,0,130.0,,362,2021-11-17T14:44:41+01:00,2024-10-16T04:19:12+02:00
953,1125804254,M,406,2,0,110.0,,362,2021-05-22T08:46:16+02:00,2024-07-19T09:40:13+02:00
954,3295883995,L,335,3,1,185.0,,362,2023-07-30T23:13:52+02:00,2024-11-20T21:30:28+01:00
955,3101510483,XL,302,7,15,170.0,,362,2023-06-05T12:03:04+02:00,2024-12-28T23:25:32+01:00
956,5082658064,W42,143,2,4,250.0,,362,2024-09-21T17:39:06+02:00,2024-12-13T14:04:40+01:00
957,2242373368,XS,34,0,0,150.0,,362,2022-09-25T22:55:28+02:00,2023-07-06T12:44:42+02:00
958,864491947,L,140,0,0,200.0,,362,2021-01-24T21:40:32+01:00,2023-07-07T14:22:56+02:00
959,4354379483,M,832,13,17,500.0,,362,2024-04-12T19:47:05+02:00,2025-01-06T22:50:22+01:00
